qid,is_impossible,question,gold,prediction,outcome,refused,refusal_reason,top_distance,em,f1
5ad26fafd7d075001a429430,True,What water has cold green waters?,,Upper Lake.,answered,False,,0.4939,0.0,0.0
5ad4f28c5b96ef001a10a734,True,When were most of the places of religious worship destroyed in Poland?,,Most of the places of religious worship were destroyed in the aftermath of the Warsaw Uprising of 1944.,answered,False,,0.351,0.0,0.0
5ad505165b96ef001a10a9f5,True,When did Polonia Ekstraklasa win the country's championship prior to 2000?,,1946.,answered,False,,0.2766,0.0,0.0
5ad3f13e604f3c001a3ff868,True,Of what length are engine cycle events when the simplest exhaust compression is used?,,The provided documents do not contain this information.,refused,True,retrieval_distance,0.5376,1.0,1.0
5a838f74e60761001a2eb7d1,True,What do the juveniles behave like in the genus Beroe?,,The provided documents do not contain this information.,refused,True,model_judgement,0.3293,1.0,1.0
5726431aec44d21400f3dd13,False,What was Tymnet,"an international data communications network headquartered in San Jose, CA | an international data communications network | international data communications network","Tymnet was an international data communications network headquartered in San Jose, CA that utilized virtual call packet switched technology.",answered,False,,0.1944,0.0,0.6667
56e1b754cd28a01900c67abe,False,What is typically used to broadly define complexity measures?,Blum complexity axioms | the Blum complexity axioms | the Blum complexity axioms,The Blum complexity axioms.,answered,False,,0.1919,1.0,1.0
5ad146c0645df0001a2d1506,True,Which laws mentioned not not predate EU law?,,The provided documents do not contain this information.,refused,True,model_judgement,0.3451,1.0,1.0
5a2ebb5fa83784001a7d2448,True,Where did the residents of Antioch flee to due to the plague?,,The provided documents do not contain this information.,refused,True,model_judgement,0.3005,1.0,1.0
57286bf84b864d19001649d4,False,"What alumni wrote ""The Closing of the American Mind""?",Allan Bloom | Allan Bloom | Allan Bloom,Allan Bloom.,answered,False,,0.4592,1.0,1.0
573085ea8ab72b1400f9c54d,False,Colonialism often means a country doing what?,taking physical control of another | a conquest over an area | the process of a country taking physical control of another | dominating areas | country taking physical control of another,Colonialism often means a country taking physical control of another.,answered,False,,0.2736,0.0,0.8
57268527708984140094c8c0,False,In 1785 James Hutton presented what paper to the Royal Society of Edinburgh?,Theory of the Earth | Theory of the Earth | Theory of the Earth,"In 1785 James Hutton presented a paper entitled ""Theory of the Earth"" to the Royal Society of Edinburgh.",answered,False,,0.3666,0.0,0.3333
571ccc00dd7acb1400e4c15a,False,What produces the high levels of oxygen on Earth?,oxygen cycle | the oxygen cycle | oxygen cycle | oxygen cycle | the oxygen cycle,"Photosynthesis is responsible for modern Earth's atmosphere and releases oxygen into the atmosphere, which contributes to the unusually high concentration of oxygen gas on Earth.",answered,False,,0.3246,0.0,0.08
5ad267e2d7d075001a429247,True,What would be higher if there were fewer people?,,The provided documents do not contain this information.,refused,True,model_judgement,0.2957,1.0,1.0
5ad405f0604f3c001a3ffe2d,True,How did Yesun Temur die,,The provided documents do not contain this information.,refused,True,model_judgement,0.3429,1.0,1.0
573399b54776f41900660e64,False,What suffered considerably for Warsaw when it had an Eastern Bloc economy?,infrastructure | infrastructure | infrastructure,Infrastructure in Warsaw suffered considerably during its time as an Eastern Bloc economy.,answered,False,,0.3066,0.0,0.1538
5a1c883cb4fb5d0018714672,True,By how much did Jacksonville's Hispanic white population decline? Call,,The provided documents do not contain this information.,refused,True,model_judgement,0.3635,1.0,1.0
5705f13d52bb8914006896f4,False,How many counties initially made up the definition of southern California?,seven | seven | seven,Seven.,answered,False,,0.2834,1.0,1.0
5a7b086921c2de001afe9d04,True,The two city limits parks are located in which direction?,,The provided documents do not contain this information.,refused,True,retrieval_distance,0.5668,1.0,1.0
5a8241e631013a001a335364,True,How many cardio rooms are at the Lavietes Pavillion?,,The provided documents do not contain this information.,refused,True,retrieval_distance,0.642,1.0,1.0
5733a560d058e614000b5f7b,False,What did a greedy merchant do to the mermaid?,captured | captured the mermaid | captured,"The greedy merchant followed the fishermen who were admiring her beauty and listening to her songs, and then he captured the mermaid.",answered,False,,0.3501,0.0,0.1905
5727c55bff5b5019007d94ce,False,Who lead the school back to leading research institution in 2oth century?,James Bryant Conant | James Bryant Conant | James Bryant Conant,The provided documents do not contain this information.,refused,True,retrieval_distance,0.6023,0.0,0.0
56e1c9bfe3433e1400423194,False,"According to reduction, if X and Y can be solved by the same algorithm then X performs what function in relationship to Y?",reduces | reduces | X reduces to Y,The provided documents do not contain this information.,refused,True,model_judgement,0.4871,0.0,0.0
5ad280d4d7d075001a4297d9,True,Which law is a rule of vector addition?,,The provided documents do not contain this information.,refused,True,retrieval_distance,0.5588,1.0,1.0
5ad04f7977cf76001a686fb9,True,What NAB teams are from Southern California?,,The provided documents do not contain this information.,refused,True,model_judgement,0.3739,1.0,1.0
5a7b37ce21c2de001afe9dda,True,How many days in August are below freezing?,,The provided documents do not contain this information.,refused,True,model_judgement,0.405,1.0,1.0
5730b1022461fd1900a9cfa3,False,When was the first Sino-Japanese War?,1894 | 1894 | 1894 | 1894 | 1894,"The First Sino-Japanese War occurred in 1894, when Japan absorbed Taiwan.",answered,False,,0.3794,0.0,0.1818
5acfee4777cf76001a686560,True, Who influenced the non-Taliban ideology?,,The provided documents do not contain this information.,refused,True,model_judgement,0.265,1.0,1.0
5725fcbe271a42140099d3af,False,What is another name for the Yosemite Freeway?,State Route 41 | State Route 41,Eisenhower Freeway,answered,False,,0.413,0.0,0.0
572a07fc6aef0514001551dc,False,What molecules of the adaptive immune system only exist in jawed vertebrates?,immunoglobulins and T cell receptors | immunoglobulins and T cell receptors | immunoglobulins,Immunoglobulins and T cell receptors.,answered,False,,0.1617,1.0,1.0
5a57cf7a770dc0001aeefda4,True,By how many kilometers are shear waves separated when measuring the crust?,,The provided documents do not contain this information.,refused,True,model_judgement,0.4125,1.0,1.0
5acfa31377cf76001a685686,True,"Who wrote ""The closing of the Good War""?",,The provided documents do not contain this information.,refused,True,model_judgement,0.4542,1.0,1.0
5ad401f2604f3c001a3ffd41,True,Who defeated Anglo-Norman forces during the third Crusade?,,The provided documents do not contain this information.,refused,True,model_judgement,0.521,1.0,1.0
5a2c16e3bfd06b001a5ae9eb,True,What replaced the Sky+HD Box?,,The provided documents do not contain this information.,refused,True,model_judgement,0.346,1.0,1.0
5725cbb289a1e219009abed4,False,What was believed to be the cause of devastation to the civilization?,diseases from Europe | the spread of diseases from Europe | spread of diseases from Europe,The provided documents do not contain this information.,refused,True,retrieval_distance,0.5727,0.0,0.0
570d2417fed7b91900d45c40,False,What city in Victoria is called the sporting capital of Australia?,Melbourne | Melbourne | Melbourne,Melbourne.,answered,False,,0.342,1.0,1.0
571cca4add7acb1400e4c152,False,"At first, what did oxygen and iron combine to form?",banded iron formations | banded iron formations | banded iron formations | banded iron formations | banded iron,Banded iron formations.,answered,False,,0.3711,1.0,1.0
5ad50c9f5b96ef001a10aae2,True,When did Hitler order the annihilation of the German Ghetto?,,"The provided documents do not contain this information.  (Note: The context actually mentions the ""Warsaw Ghetto"" and the ""Final Solution"", but it does not mention a ""German Ghetto"". It also specifies that the Warsaw Ghetto was home to several hundred thousand Jews, which suggests that it was a Jewi",hedged,False,,0.3188,0.0,0.0
571cda1bdd7acb1400e4c19a,False,What type of organization would need large quantities of pure oxygen?,hospitals | hospitals | hospitals | hospitals | hospitals,Hospitals and other institutions with a need for large volumes of pure oxygen gas.,answered,False,,0.4861,0.0,0.1429
573786b51c4567190057448f,False,What is gravitational acceleration proportional to?,mass | the mass of the attracting body | the mass of the attracting body | the mass of the attracting body,The acceleration due to gravity is proportional to the mass of the attracting body.,answered,False,,0.3916,0.0,0.5333
5705fc3a52bb89140068976e,False,What is the high end of the temperature range in winter?,70 | 70 | 70,The provided documents do not contain this information.,refused,True,retrieval_distance,0.6138,0.0,0.0
5ad54c2f5b96ef001a10ac5f,True,What differing variable remains the same size when providing the four likelihoods of case complexities?,,The provided documents do not contain this information.,refused,True,retrieval_distance,0.7072,1.0,1.0
572826634b864d19001645be,False,What ethnic group located in Jacksonville is ranked tenth largest?,Arab | Arab | Arab,The Arab population in Jacksonville is ranked tenth largest.,answered,False,,0.3377,0.0,0.2222
5ad3f13e604f3c001a3ff869,True,What do the simplest compression cylinders give during the engine cycle?,,The provided documents do not contain this information.,refused,True,retrieval_distance,0.5819,1.0,1.0
5ad3c637604f3c001a3ff019,True,About what year was the vacuum engine developed?,,The provided documents do not contain this information.,refused,True,model_judgement,0.3878,1.0,1.0
5a6ce6164eec6b001a80a69c,True,What are some small pharmacy management companies?,,The provided documents do not contain this information.,refused,True,model_judgement,0.3395,1.0,1.0
5ad4d8d65b96ef001a10a362,True,When did building activity occur on Banki Palace?,,The provided documents do not contain this information.,refused,True,retrieval_distance,0.5605,1.0,1.0
5ad4ea425b96ef001a10a627,True,When is antibody production higher than normal? ,,The provided documents do not contain this information.,refused,True,retrieval_distance,0.7148,1.0,1.0
5a7b33b821c2de001afe9dc0,True,When was State Route 99 Freeway built?,,The provided documents do not contain this information.,refused,True,retrieval_distance,0.6509,1.0,1.0
5726a46cdd62a815002e8bd1,False,Which member state declined to sign the Social Charter?,The UK | UK | UK,The UK refused to sign the Social Charter.,answered,False,,0.3562,0.0,0.2857
5a7505e497ca42001a521de2,True,What years did the dollar price of oil rise by 2% per year? ,,"From 1947 to 1967, the dollar price of oil had risen by less than two percent per year.",answered,False,,0.3605,0.0,0.0
5725cb33271a42140099d1df,False,What does ctenophore use to capture prey?,colloblasts | colloblasts | colloblasts,"Ctenophores are distinguished from all other animals by having colloblasts, which are sticky and adhere to prey...",answered,False,,0.347,0.0,0.1111
572fe9b3947a6a140053cde2,False,The Rhine gets how much water from the Aare?,"1,000 m3/s (35,000 cu ft/s), | 1,000 m3/s",The Aare more than doubles the Rhine's water discharge.,answered,False,,0.2667,0.0,0.0
5a7b456121c2de001afe9e2a,True,What is the largest city directly linked to an interstate?,,The provided documents do not contain this information.,refused,True,model_judgement,0.4014,1.0,1.0
5a837549e60761001a2eb739,True,What is the epidermis fringed with?,,The provided documents do not contain this information.,refused,True,model_judgement,0.5261,1.0,1.0
571154c72419e31400955587,False,What percentage of electricity was made by steam turbine in the 1990s?,90 | 90% | 90%,About 90% of the world's electric production was by use of steam turbines.,answered,False,,0.2078,0.0,0.1538
57287e512ca10214002da3fa,False,How well did the Mongol Emperors know Chinese?,"could not master written Chinese, but they could generally converse well | could not master written Chinese, but they could generally converse well | well","Most of the Emperors could not master written Chinese, but they could generally converse well in the language.",answered,False,,0.4498,0.0,0.8148
5725cbb289a1e219009abed3,False,During what time did civilization in the Amazon was flourishing when Orellana made his observations?,1540s | 1540s | 1540s,The provided context states that it is believed a complex civilization was flourishing along the Amazon in the 1540s.,answered,False,,0.3087,0.0,0.125
5a7b0fae21c2de001afe9d2b,True,When was the Fresno Normal School stated?,,The provided documents do not contain this information.,refused,True,model_judgement,0.4011,1.0,1.0
57097b50200fba140036804d,False,How many homes had BSkyB's direct-to-home satellite service available to them in 2010?,10 million | 10 million | 10 million,10 million homes.,answered,False,,0.1902,0.0,0.8
5728f9882ca10214002dab5a,False,What part of the innate immune system identifies microbes and triggers immune response?,pattern recognition receptors | receptors | cells,"Pattern recognition receptors identify microbes and trigger the immune response by recognizing components that are conserved among broad groups of microorganisms, or by responding to alarm signals sent out by damaged, injured or stressed cells.",answered,False,,0.2114,0.0,0.1622
5ad2b72fd7d075001a42a024,True,When was the Holland empire formed?,,The provided documents do not contain this information.,refused,True,model_judgement,0.4747,1.0,1.0
572fc80b04bcaa1900d76d11,False,When are subject committees established?,beginning of each parliamentary session | beginning of each parliamentary session | at the beginning of each parliamentary session,Subject committees are established at the beginning of each parliamentary session.,answered,False,,0.3345,0.0,0.75
5acfe73c77cf76001a6863d5,True, When was the heyday of secular non-Arab nationalism?,,The provided documents do not contain this information.,refused,True,model_judgement,0.4697,1.0,1.0
5a8221dc31013a001a335232,True,Who does Cambridge say the expansion will benefit?,,The provided documents do not contain this information.,refused,True,model_judgement,0.4939,1.0,1.0
56e1f10ee3433e1400423223,False,"Though unkown, what are the most commonly ascribed attributes of L in relation to P",strictly contained in P or equal to P | contained in P or equal to P. | strictly contained in P or equal to P,The provided documents do not contain this information.,refused,True,retrieval_distance,0.5443,0.0,0.0
5ad3ade2604f3c001a3fec16,True,Where did Marin build last fort?,,The provided documents do not contain this information.,refused,True,model_judgement,0.3698,1.0,1.0
5725fabc89a1e219009ac12c,False,What was the population density in 2000?,"4,097.9 people per square mile | 4,097.9 people per square mile | 4,097.9","The population density was 4,097.9 people per square mile (1,582.2/km²).",answered,False,,0.3455,0.0,0.7143
57115ff82419e314009555c6,False,What are stators attached to?,turbine casing | turbine casing | the turbine casing,The provided documents do not contain this information.,refused,True,retrieval_distance,0.5959,0.0,0.0
5ad2472bd7d075001a428b23,True,Survivial isn't at the heart of what concept for workers?,,The provided documents do not contain this information.,refused,True,retrieval_distance,0.7074,1.0,1.0
5a58db973e1742001a15ce50,True,Where in the ocean are volcano arcs located?,,The provided documents do not contain this information.,refused,True,retrieval_distance,0.5348,1.0,1.0
5729f2646aef051400155132,False,How many tons of live plants were found to live in one square kilometer of the Amazon rainforest in 1999?,"90,790 tonnes | about 90,790 | about 90,790 | 90,790 tonnes","90,790 tonnes",answered,False,,0.2879,1.0,1.0
5ad03e5077cf76001a686ed4,True,Presidents in the governing party introduce what laws?,,The provided documents do not contain this information.,refused,True,retrieval_distance,0.6244,1.0,1.0
57332f81d058e614000b5778,False,What were the structures built by the Soviets typical of?,an Eastern Bloc city | an Eastern Bloc city,The provided documents do not contain this information.,refused,True,model_judgement,0.4826,0.0,0.0
5ad3ffb3604f3c001a3ffc95,True, Who ended the Yuan dynasty?,,The Genghisid rulers returned to their Mongolian homeland and continued to rule the Northern Yuan dynasty after the Yuan dynasty ended in 1368.,answered,False,,0.281,0.0,0.0
5ad02e3377cf76001a686d34,True,What grew on a global scale as a result of non-imperialism?,,The provided documents do not contain this information.,refused,True,model_judgement,0.421,1.0,1.0
5ad55ee35b96ef001a10ace8,True,What thesis specifies that a trinomial relationship exists within time complexities in a computational model?,,The provided documents do not contain this information.,refused,True,model_judgement,0.5106,1.0,1.0
5725c95f38643c19005accf5,False,What would be needed to host a larger population?,agriculture | agriculture | agriculture,The provided documents do not contain this information.,refused,True,retrieval_distance,0.5565,0.0,0.0
5ad0225377cf76001a686b40,True,A decline in Scottish nationalism during the 1960s fueled what?,,The provided documents do not contain this information.,refused,True,model_judgement,0.4417,1.0,1.0
57111ab8a58dae1900cd6c3c,False,What protestant religions made Northern European counties safe for Huguenot immigration?,Lutheran and Reformed | Lutheran and Reformed | Lutheran and Reformed,Lutheran and Reformed states in Germany and Scandinavia made Northern European counties safe for Huguenot immigration.,answered,False,,0.4389,0.0,0.3158
571cb010dd7acb1400e4c12b,False,By what process is singlet oxygen made in the tropophere?,photolysis of ozone | photolysis of ozone | photolysis of ozone by light of short wavelength | photolysis of ozone by light of short wavelength | photolysis,The photolysis of ozone by light of short wavelength.,answered,False,,0.3023,1.0,1.0
572a20816aef0514001552e7,False,How were some modern economic inequalities created?,forceful taking of property | forceful taking of property | forceful taking of property,The provided documents do not contain this information.,refused,True,retrieval_distance,0.5367,0.0,0.0
56de52614396321400ee27fd,False,Who patronized the monks in Italy? ,Robert Guiscard | Robert Guiscard | Robert Guiscard,Robert Guiscard.,answered,False,,0.46,1.0,1.0
5a894b333b2508001a72a5b7,True,What is one work by Neumes?,,The provided documents do not contain this information.,refused,True,retrieval_distance,0.6235,1.0,1.0
5a892b473b2508001a72a4e8,True,How many divisions are required to verify the division of the number 37?,,"According to the context, only three divisions are necessary (m = 2, 3, and 5) to check the primality of 37.",answered,False,,0.3323,0.0,0.0
572648e8dd62a815002e8078,False,Comb like bands of cilia are called what?,ctenes | ctenes | ctenes,Ctenes.,answered,False,,0.2998,1.0,1.0
5a3e3aa9378766001a002509,True,Who runs the UNEP Council?,,The provided documents do not contain this information.,refused,True,retrieval_distance,0.6306,1.0,1.0
5728284e3acd2414000df5ce,False,What did Joseph Haas say in his email?,"""Wise up or die."" | Wise up or die | ""Wise up or die."" | Wise up or die | Wise up or die","""Wise up or die.""",answered,False,,0.4062,1.0,1.0
571cd3b55efbb31900334e05,False,To what pathogen that causes gas gangrene is oxygen poisonous?,anaerobic bacteria | anaerobic bacteria | anaerobic bacteria | anaerobic bacteria | anaerobic bacteria,Anaerobic bacteria,answered,False,,0.4004,1.0,1.0
572759665951b619008f8887,False,Who was the opposing party in the Runyon case?,McCrary | McCrary | McCrary,The provided documents do not contain this information.,refused,True,retrieval_distance,0.6942,0.0,0.0
5727478cf1498d1400e8f59c,False,What is another term for university-preparatory schools?,prep schools | prep schools | prep schools,"""prep schools""",answered,False,,0.4999,1.0,1.0
5a6683d5f038b7001ab0bf1f,True,Why do some people find it hard to not talk to a tax agent?,,The provided documents do not contain this information.,refused,True,retrieval_distance,0.7413,1.0,1.0
5705fec152bb89140068977e,False,How much was the 1994 earthquake estimated to have cost?,$20 billion | over $20 billion | over $20 billion,"The magnitude 6.7 1994 Northridge earthquake was estimated to have caused the most property damage of any earthquake in U.S. history, which is estimated at over $20 billion.",answered,False,,0.4207,0.0,0.2069
56ddde6b9a695914005b962c,False,What century did the Normans first gain their separate identity?,10th century | the first half of the 10th century | 10th | 10th,The first half of the 10th century.,answered,False,,0.3467,1.0,1.0
572a064a3f37b31900478660,False,"The Peruvian Amazon indigienous people are one group struggling in the Amazon, what is another group?",Urarina | Urarina | Urarina,The Urarina.,answered,False,,0.3457,1.0,1.0
5727490bdd62a815002e9a84,False,What is the comparison in price between Australian private schools versus public?,more expensive | more expensive | more expensive,Private schools in Australia are always more expensive than their public counterparts.,answered,False,,0.2772,0.0,0.2857
5a2c3d73bfd06b001a5aea8b,True,When was NTL Telewest rebranded from Virgin Media?,,The provided documents do not contain this information.,refused,True,model_judgement,0.3427,1.0,1.0
5ad13dbb645df0001a2d136a,True,When was the European Communities Act denied acceptance?,,The provided documents do not contain this information.,refused,True,model_judgement,0.5028,1.0,1.0
5ad02e3377cf76001a686d35,True, Who was made rich and prosperous prior to World War 2?,,The provided documents do not contain this information.,refused,True,retrieval_distance,0.5687,1.0,1.0
572a0f073f37b31900478683,False,What are the skin cells that can be transformed into tumors known as?,melanocytes | melanocytes | melanocytes,Melanocytes.,answered,False,,0.3753,1.0,1.0
572ffa79a23a5019007fcbec,False,Microplates squeezing and rotating created the features of what?,Mediterranean geography | Mediterranean geography | Mediterranean geography,Mediterranean geography.,answered,False,,0.5143,1.0,1.0
5728202c4b864d19001644ed,False,What group of people performed revolutionary civil disobedience toward the Austrian government?,Hungarians | Hungarians | the Hungarians under Ferenc Deák | Hungarians | Hungarians,The Hungarians under Ferenc Deák directed revolutionary civil disobedience against the Austrian government.,answered,False,,0.3742,0.0,0.5333
5733140a4776f419006606e1,False,What city served as Poland's capital in 1313?,Kraków | Kraków | Kraków,"The provided documents do not contain this information.  However, according to the context, Kraków served as the Polish capital city at that time.",hedged,False,,0.311,0.0,0.0952
570d2417fed7b91900d45c3d,False,What kind of economy does Victoria have?,diversified | highly diversified | highly diversified,"Victoria's economy is highly diversified. Service sectors including financial and property services, health, education, wholesale, retail, hospitality and manufacturing constitute the majority of employment.",answered,False,,0.3886,0.0,0.16
57108c95b654c5140001f97c,False,What is located within this district?,the oldest street in the United States of America | the oldest street in the United States of America | the oldest street in the United States of America,The provided documents do not contain this information.,refused,True,retrieval_distance,0.7655,0.0,0.0
5a2c116ebfd06b001a5ae9c4,True,What free TV platform was most popular in Europe at this time?,,The provided documents do not contain this information.,refused,True,retrieval_distance,0.5689,1.0,1.0
5ad3bd30604f3c001a3fef12,True,What lands weren't reserved for natives?,,The provided documents do not contain this information.,refused,True,model_judgement,0.4366,1.0,1.0
5729fd111d046914007796a9,False,What is a mechanism that can help plants block virus replication?,RNA silencing mechanisms | RNA silencing mechanisms | RNA silencing mechanisms,RNA silencing mechanisms are particularly important in this systemic response as they can block virus replication.,answered,False,,0.507,0.0,0.3158
57340b1bd058e614000b686a,False,What was the objective of Royal Proclamation of 1763?,outlined the division and administration of the newly conquered territory | outlined the division and administration of the newly conquered territory | division and administration of the newly conquered territory | division and administration | the division and administration of the newly conquered territory,The Royal Proclamation of 1763 outlined the division and administration of the newly conquered territory.,answered,False,,0.2661,0.0,0.8
57302700a23a5019007fce8a,False,Who was the leader of the Islamist regime in Sudan?,Hassan al-Turabi | Hassan al-Turabi | Hassan al-Turabi,Hassan al-Turabi.,answered,False,,0.3003,1.0,1.0
5ad266f8d7d075001a42920a,True,Who was William the Silent's father?,,The provided documents do not contain this information.,refused,True,retrieval_distance,0.6329,1.0,1.0
5730a40f396df91900096237,False,What happened to the East India Trading Company in 1767?,exploitation | political activity caused exploitation | political activity caused exploitation | exploitation | exploitation,The East India Company was almost brought into bankruptcy due to political activity causing exploitation.,answered,False,,0.3027,0.0,0.3333
572a09abaf94a219006aa75d,False,Who organized the trees of the Amazon into four categories?,Tatiana Kuplich | Tatiana Kuplich | Tatiana Kuplich,Tatiana Kuplich.,answered,False,,0.3292,1.0,1.0
572a0bf96aef051400155206,False,What type of hypersensitivity is associated with allergies?,Type I | Type I | Type I hypersensitivity,"Type I hypersensitivity is an immediate or anaphylactic reaction, often associated with allergy.",answered,False,,0.2469,0.0,0.4
5730a951069b531400832214,False,What did France offer that was rare by imperial standards?,assimilation | Full citizenship rights | assimilation | assimilation | Full citizenship rights,Full citizenship rights.,answered,False,,0.5138,1.0,1.0
57284142ff5b5019007da00a,False,Who donated property to the University of Chicago?,Marshall Field | Marshall Field | Marshall Field | Marshall Field,Marshall Field donated land to the University of Chicago.,answered,False,,0.2832,0.0,0.4
57109275b654c5140001f9a2,False,The French and Indian War was the New World aspect of what European conflict?,Seven Years' War | Seven Years' War | Seven Years' War,The Seven Years' War.,answered,False,,0.4685,1.0,1.0
5726509bdd62a815002e815a,False,Who challenged the plague theory first?,British bacteriologist J. F. D. Shrewsbury | J. F. D. Shrewsbury | J. F. D. Shrewsbury,J. F. D. Shrewsbury challenged the plague theory first in 1970.,answered,False,,0.2835,0.0,0.5714
5727d9c43acd2414000dee17,False,Starting in what year has Harvard topped the Academic Rankings of World Universities?,2003 | 2003 | 2003,Since 2003.,answered,False,,0.2045,0.0,0.6667
57300bf504bcaa1900d77087,False,Where is the Rhine Bridge?,Arnhem | Arnhem | Arnhem,The provided documents do not contain this information.,refused,True,model_judgement,0.3923,0.0,0.0
5a550e6f134fea001a0e187f,True,What is level two of the connection-orientated operation? ,,The provided documents do not contain this information.,refused,True,retrieval_distance,0.5618,1.0,1.0
573099ee8ab72b1400f9c5dc,False,What advancements besides military technology did Europe achieve?,communication | communication | communication | communication | communication,The provided documents do not contain this information.,refused,True,model_judgement,0.347,0.0,0.0
5ad268b2d7d075001a42928a,True,"In an ideal moral society, what would no citizens be free from?",,Force.,answered,False,,0.5152,0.0,0.0
572ffe6fb2c2fd14005686f0,False,What type of assistance to out of town students is the Muslim Brotherhood known for?,"housing | shelters, educational assistance, free or low cost medical clinics, housing assistance | shelters, educational assistance, free or low cost medical clinics, housing assistance",Housing assistance.,answered,False,,0.2768,0.0,0.6667
5ad0220a77cf76001a686b2e,True,What was held at the San Diego Yacht Club from 1985 to 1998?,,"The provided documents do not contain this information.  However, it is mentioned that the San Diego Yacht Club held the America's Cup, the most prestigious prize in yachting, from 1988 to 1995.",hedged,False,,0.3877,0.0,0.0
5a8919843b2508001a72a4be,True,"In the mid 20th century, who did not concur that 1 should be the first prime number?",,The provided documents do not contain this information.,refused,True,model_judgement,0.2751,1.0,1.0
5ad3af11604f3c001a3fec63,True,What was replace with the Norse religion?,,The Norse religion was replaced with Catholicism (Christianity).,answered,False,,0.4265,0.0,0.0
5726559edd62a815002e81cb,False,When was the great plague of London?,1665 | 1665 | 1665,The Great Plague of London occurred in 1665.,answered,False,,0.3265,0.0,0.25
5a6cb89e4eec6b001a80a644,True,Who was the only man to study medicinal properties of plants in Ancient Greece?,,"The provided documents do not contain this information.  However, it can be inferred that Diocles of Carystus was one of several men studying the medicinal properties of plants in Ancient Greece.",hedged,False,,0.3704,0.0,0.0
5ad4d0ca5b96ef001a10a198,True,How long had John Paul II been the pope in 1983?,,The provided documents do not contain this information.,refused,True,model_judgement,0.4774,1.0,1.0
57265c10f1498d1400e8dd37,False,What happens when bathocyroe and ocyropsis clap their lobes together?,jet of expelled water drives them backwards very quickly. | jet of expelled water drives them backwards very quickly | expelled water drives them backwards very quickly,"When Bathocyroe and Ocyropsis clap their lobes together, a jet of expelled water drives them backwards very quickly.",answered,False,,0.4248,0.0,0.6923
5ad24319d7d075001a4289cf,True,In what year was Reguier de la Plancha born?,,The provided documents do not contain this information.,refused,True,retrieval_distance,0.6046,1.0,1.0
5ad4e4cf5b96ef001a10a58a,True,What are antibodies never generated to fight?,,The provided documents do not contain this information.,refused,True,model_judgement,0.3492,1.0,1.0
5acf9d3477cf76001a685512,True,How many students enrolled at the College during the spring of 2014?,,The provided documents do not contain this information.,refused,True,model_judgement,0.4337,1.0,1.0
57092322efce8f15003a7db1,False,Who is the UK's largest digital subscription television company?,BSkyB | BSkyB | BSkyB,BSkyB became the UK's largest digital subscription television company.,answered,False,,0.47,0.0,0.2222
572fda6fb2c2fd140056850e,False,What set is a seat added to after being allocated?,constituency seats | constituency | second,The constituency seats.,answered,False,,0.404,1.0,1.0
5726e3c4dd62a815002e9407,False,What do clinical pharmacists often participate in?,patient care rounds drug product selection | interdisciplinary approach | patient care rounds drug product selection,Patient care rounds drug product selection.,answered,False,,0.2019,1.0,1.0
5ad24ff3d7d075001a428ca6,True,What makes up 49.2% of the sun's mass?,,The provided documents do not contain this information.,refused,True,model_judgement,0.4946,1.0,1.0
572ff430a23a5019007fcba9,False,What part of the Rhine flows through North Rhine-Westphalia?,Lower Rhine | Lower | Lower Rhine,The Lower Rhine flows through North Rhine-Westphalia.,answered,False,,0.2768,0.0,0.5
5725f6e138643c19005acf19,False,What is the hottest temperature record for Fresno?,115 °F | 115 °F (46.1 °C) | 115 °F,"The official record high temperature for Fresno is 115 °F (46.1 °C), set on July 8, 1905.",answered,False,,0.261,0.0,0.4
5ad4fe635b96ef001a10a8b9,True,What does autumn host many of?,,The provided documents do not contain this information.,refused,True,retrieval_distance,0.7331,1.0,1.0
5acfee8977cf76001a686569,True, What was Zia-ul-Haq supported for using Islamization to legitimize?,,Seizing power.,answered,False,,0.2457,0.0,0.0
5a55157f134fea001a0e18eb,True,What was Larry Roberts hope?,,The provided documents do not contain this information.,refused,True,retrieval_distance,0.9043,1.0,1.0
5ad0410977cf76001a686f00,True,How is California divided?,,"Southern California is divided culturally, politically, and economically into distinctive regions.",answered,False,,0.4528,0.0,0.0
5a0c98fef5590b0018dab49e,True,Savanna and desert were replaced by what in the Amazon?,,The provided documents do not contain this information.,refused,True,model_judgement,0.459,1.0,1.0
56e1b169cd28a01900c67a73,False,"In considering Turing machines and alternate variables, what measurement left unaffected by conversion between machine models? ",computational power | computational power | computational power,"The provided context does not explicitly state ""alternate variables"", but it does mention a key point about the different machine models.   Determinism is mentioned as a commonality among these models. However, determinism itself isn't a measurement; rather, it's a property of how the machines opera",answered,False,,0.4254,0.0,0.0656
572a020f6aef05140015519b,False,What amount of the worlds carbon is stored in the Amazon forest?,10% of the carbon stores | 10% | 10%,"The provided documents do not contain this information.  However, it can be inferred that the Amazonian evergreen forests account for about 10% of the world's terrestrial primary productivity and 10% of the carbon stores in ecosystems.   To find out what amount of the world's carbon is stored in the",hedged,False,,0.228,0.0,0.0602
5a591a5f3e1742001a15cf8a,True,How do physical experiments explain fluid inclusion data?,,The provided documents do not contain this information.,refused,True,retrieval_distance,0.5684,1.0,1.0
5acf9dfb77cf76001a68555a,True,In what did the President re-emphasize athletics at the university?,,The provided documents do not contain this information.,refused,True,retrieval_distance,0.6045,1.0,1.0
5a89117e19b91f001a626f30,True,A number larger than -3 can be represented as a product of what?,,The provided documents do not contain this information.,refused,True,retrieval_distance,0.6393,1.0,1.0
5728ebcb3acd2414000e01dc,False,Which reason is given sometimes to plead not guilty involving these matters?,"Guilt implies wrong-doing | Guilt implies wrong-doing | guilty of doing no wrong | Guilt implies wrong-doing | I may have violated some specific laws, but I am guilty of doing no wrong | I may have violated some specific laws, but I am guilty of doing no wrong","A plea of no contest is sometimes regarded as a compromise between the two (pleading guilty and pleading not guilty), and one defendant accused of illegally protesting nuclear power stated ""I plead for the beauty that surrounds us""; this is known as a ""creative plea,"" and will usually be interpreted",answered,False,,0.3502,0.0,0.1231
5733db8dd058e614000b642a,False,How did Celeron handle business on trip?,"British merchants or fur-traders, Céloron informed them of the French claims on the territory and told them to leave. | told them to leave | Whenever he encountered British merchants or fur-traders, Céloron informed them of the French claims on the territory and told them to leave. | buried lead plates | Whenever he encountered British merchants or fur-traders, Céloron informed them of the French claims on the territory and told them to leave",The provided documents do not contain this information.,refused,True,retrieval_distance,0.589,0.0,0.0
5ad56c6b5b96ef001a10ae6f,True,What implication can not be derived for P and NP is P and co-NP are established to be unequal?,,"The provided context does not explicitly state the question's scenario, but it implies a relationship between P, NP, and co-NP. However, based on the given information, if we assume that P and co-NP are established to be unequal, then according to the context:  It has been shown that if these two co",answered,False,,0.3299,0.0,0.0
5737aafd1c456719005744fd,False,What is a very seldom used unit of mass in the metric system?,slug | metric slug | metric slug | metric slug | the metric slug,The metric slug (sometimes mug or hyl) is that mass that accelerates at 1 m·s−2 when subjected to a force of 1 kgf.,answered,False,,0.3392,0.0,0.1739
5a0c6c78f5590b0018dab403,True,What was higher during the LGM than the present?,,The provided documents do not contain this information.,refused,True,retrieval_distance,0.799,1.0,1.0
5ad15a11645df0001a2d1858,True,Who does not have the right to set up an enterprise without unjustified restrictions?,,The provided documents do not contain this information.,refused,True,model_judgement,0.3948,1.0,1.0
5a55319c134fea001a0e19bd,True,Why was OC-12c considered a substantial engineering feat? ,,"The provided context does not explicitly state why OC-12c was considered a substantial engineering feat, but it implies that it was due to its speed (622 Mbit/s) and the fact that it was part of an all OC-12c backbone. However, without further information, we can only make an educated guess.  A more",refused,True,model_judgement,0.4853,1.0,1.0
5a5915cd3e1742001a15cf75,True,What are used in non-typical investigations?,,The provided documents do not contain this information.,refused,True,retrieval_distance,0.5891,1.0,1.0
5acfa18177cf76001a6855f8,True,What has the university held since 1963 where large teams find items from a list?,,The provided documents do not contain this information.,refused,True,retrieval_distance,0.6061,1.0,1.0
5a8949463b2508001a72a5a4,True,In what type of ring can prime ideals be used for validating number theory?,,The provided documents do not contain this information.,refused,True,model_judgement,0.3815,1.0,1.0
5727cd0f4b864d1900163d72,False,How much more land does the school own in Allston than Cambridge?,approximately fifty percent | fifty percent | fifty percent more,Approximately fifty percent more.,answered,False,,0.3221,0.0,0.8571
5ad40219604f3c001a3ffd48,True, Who defended Kublai Khan's right to succeed Mongke Khan?,,The provided documents do not contain this information.,refused,True,model_judgement,0.3159,1.0,1.0
5725f7cd38643c19005acf23,False,what was Fresno's population in 2010?,"494,665 | 494,665 | 494,665","Fresno had a population of 494,665 in 2010.",answered,False,,0.1429,0.0,0.25
5737432bc3c5551400e51e9c,False,What law connects relative velocities with inertia?,Newton's First | first law | Newton's First Law | First Law | Newton's First Law,Newton's First Law directly connects inertia with the concept of relative velocities.,answered,False,,0.357,0.0,0.4286
5a580ab1770dc0001aeeff78,True,Where is cross-polarized light identified by petrologists?,,The provided documents do not contain this information.,refused,True,model_judgement,0.5102,1.0,1.0
5ad01a6277cf76001a686a0f,True,What does CSA stand for?,,The provided documents do not contain this information.,refused,True,retrieval_distance,0.9116,1.0,1.0
57115bf350c2381900b54a93,False,What modern company has been notably working on a steam engine using modern materials?,Energiprojekt AB | Energiprojekt AB | Energiprojekt AB,Energiprojekt AB in Sweden.,answered,False,,0.4687,0.0,0.6667
5ad26586d7d075001a4291b3,True,In what year was the Huguenot Society for America founded?,,The provided documents do not contain this information.,refused,True,model_judgement,0.3592,1.0,1.0
5725f2c838643c19005aceee,False,How many total acres is Woodward Park?,300 acres | 300 | 300,The initial 235 acres combined with additional acres acquired later by the City brings the park to a sizable 300 acres.,answered,False,,0.2457,0.0,0.2105
573081c2069b531400832135,False,"Who suggested that imperialism was the ""highest"" form of capitalism?",Lenin | Lenin | Lenin,"Lenin suggested that imperialism was the ""highest"" form of capitalism.",answered,False,,0.325,0.0,0.2
5730aa52069b531400832221,False,By when did most of France's Colonies gain independence?,1960 | 1960 | 1960 | 1960 | 1960,By 1960.,answered,False,,0.2174,0.0,0.6667
5ad3de8b604f3c001a3ff469,True,Who ruined Alexius Komnenos plans for an independent state?,,Roussel de Bailleul,answered,False,,0.4567,0.0,0.0
5ad40397604f3c001a3ffd83,True, What kinds of growth did Kublai discourage?,,The provided documents do not contain this information.,refused,True,model_judgement,0.5173,1.0,1.0
5a0c6d26f5590b0018dab40d,True,How much dust is blown into the sonar every year,,The provided documents do not contain this information.,refused,True,retrieval_distance,0.5551,1.0,1.0
572754fff1498d1400e8f662,False,What are some existing facilities?,"electrical, water, sewage, phone, and cable facilities | electrical, water, sewage, phone, and cable | electrical, water, sewage, phone, and cable facilities",The provided documents do not contain this information.,refused,True,retrieval_distance,0.7265,0.0,0.0
5726e313f1498d1400e8eeb3,False,In what form are most hospital medications?,"unit-dose, or a single dose of medicine | unit-dose | unit-dose, or a single dose of medicine","Unit-dose, or a single dose of medicine.",answered,False,,0.3797,1.0,1.0
5a0c9275f5590b0018dab46c,True,The Amazon forest stores what percentage of the world's carbon dioxide,,"The provided documents do not contain this information.  However, it does mention that the Amazonian forests are estimated to have accumulated ""of the order of 1.1 × 1011 metric tonnes of carbon"" and also mentions that they account for about 10% of the world's terrestrial primary productivity and 10",hedged,False,,0.2458,0.0,0.0
57286192ff5b5019007da1dc,False,When did Khan establish the Great Yuan?,1271 | 1271 | 1271,"In 1271, Kublai Khan imposed the name Great Yuan (Chinese: 大元; pinyin: Dà Yuán; Wade–Giles: Ta-Yüan), establishing the Yuan dynasty.",answered,False,,0.2324,0.0,0.1053
5a7b44ae21c2de001afe9e21,True,State Route 168 is called the Sierra Freeway and what other two names?,,The provided documents do not contain this information.,refused,True,model_judgement,0.4389,1.0,1.0
572867d72ca10214002da2ff,False,Where did Korea border Kublai's territory?,northeast | northeast | the northeast,The northeast.,answered,False,,0.3619,1.0,1.0
57379829c3c5551400e51f40,False,How many times less is the strenght of the weak field compared to the strong?,1013 | 1013 | 1013 | 1013,The strength of the weak force is 1013 times less than that of the strong force.,answered,False,,0.4437,0.0,0.1429
5a7b485921c2de001afe9e55,True,What mainlines head west and south from the city?,,The provided documents do not contain this information.,refused,True,retrieval_distance,0.719,1.0,1.0
5acfea9277cf76001a68648c,True,Secular Arab nationalism was blamed for both the success of Arab troops as well as what type of stagnation?,,The provided documents do not contain this information.,refused,True,model_judgement,0.2184,1.0,1.0
5ad0301577cf76001a686db6,True, Humans in tropical environments were not considered what?,,"Humans in tropical environments were seen as ""less civilized"".",answered,False,,0.4773,0.0,0.0
5a679cc7f038b7001ab0c348,True,What does poor academic achievement lead to according to critics?,,The provided documents do not contain this information.,refused,True,retrieval_distance,0.5797,1.0,1.0
57309564069b5314008321a8,False,What grew on a global scale as a result of imperialism?,the world's economy | economy | economy | world's economy | world's economy,The world's economy grew significantly and became much more interconnected in the decades before World War I.,answered,False,,0.3958,0.0,0.2353
5737a84dc3c5551400e51f5a,False,Why are some forces due to that are impossible to model?,gradient of potentials | macrophysical considerations that yield forces as arising from a macroscopic statistical average of microstates | gradient of potentials. | gradient of potentials,"The provided context does not explicitly state why some forces are impossible to model. However, it mentions that this is often due to ""macrophysical considerations"" and the fact that these forces arise from a macroscopic statistical average of microstates.   A more accurate answer would be: The pro",hedged,False,,0.4238,0.0,0.2444
5ad265efd7d075001a4291d0,True,What damage was caused by breathing pure O in space applications?,,The provided documents do not contain this information.,refused,True,model_judgement,0.2888,1.0,1.0
5a6647d2c2b11c001a425f1d,True,Who wrote that its difficult to formulate a definition of grammatical niceties?,,LeGrande.,answered,False,,0.5136,0.0,0.0
5ad40b87604f3c001a400008,True, Who was Ogedei's husband?,,The provided documents do not contain this information.,refused,True,retrieval_distance,0.638,1.0,1.0
5ad14573645df0001a2d14b4,True,What is not stated in Article 5 of the EC Treaty?,,The provided documents do not contain this information.,refused,True,model_judgement,0.3717,1.0,1.0
5ad2b72fd7d075001a42a026,True,What was the name of the war that the Archduke Sigismund of Austria started?,,The provided documents do not contain this information.,refused,True,retrieval_distance,0.6399,1.0,1.0
571c96095efbb31900334dbe,False,How much oxygen is found is a liter of fresh water under normal conditions?,6.04 milliliters | 6.04 milliliters | 6.04 milliliters | 6.04 milliliters | 6.04 milliliters,About 6.04 milliliters (mL) of oxygen per liter.,answered,False,,0.3028,0.0,0.4
5725bcb6271a42140099d0eb,False,Why did OPEC raise the price of oil to $5.11?,In response to American aid to Israel | In response to American aid to Israel | In response to American aid to Israel | In response to American aid to Israel | American aid to Israel,"In response to American aid to Israel, on October 16, 1973, OPEC raised the posted price of oil by 70%, to $5.11 a barrel.",answered,False,,0.3354,0.0,0.4828
5a38b29da4b263001a8c18a8,True,What did various countries request of Congress?,,The provided documents do not contain this information.,refused,True,retrieval_distance,0.7237,1.0,1.0
57094b4f9928a814004714f6,False,What consortium was BSkyB excluded from?,ONdigital | ONdigital | ONdigital,The ONdigital consortium.,answered,False,,0.4625,0.0,0.6667
572fc6f204bcaa1900d76cf5,False,Where is much of the work of the Scottish Parliament done?,committee | committee | in committee,In committee.,answered,False,,0.3343,1.0,1.0
5ad3a3fc604f3c001a3fea79,True,What tribes weren't in Father Le Loutre's War?,,The provided documents do not contain this information.,refused,True,model_judgement,0.3817,1.0,1.0
57300137b2c2fd140056871a,False,Where did Maududi exert the most impact?,through his writing | writing | writing,Through his writing.,answered,False,,0.4824,1.0,1.0
5a2ebaada83784001a7d2441,True,What was one of the countries that had isolated alpine villages?,,The provided documents do not contain this information.,refused,True,retrieval_distance,0.637,1.0,1.0
5a58feb63e1742001a15cf30,True,Why is the theory of evolution so complex?,,The provided documents do not contain this information.,refused,True,model_judgement,0.5206,1.0,1.0
571ccfbadd7acb1400e4c167,False,What is the source of oxygen production through electrocatalytic means?,oxides and oxoacids | oxides and oxoacids | oxides and oxoacids | oxides and oxoacids | oxides and oxoacids,The provided documents do not contain this information.,refused,True,model_judgement,0.3408,0.0,0.0
5ad4da795b96ef001a10a3e9,True,What fortification was build in the 18th century after the defeat of the November Uprising?,,The provided documents do not contain this information.,refused,True,retrieval_distance,0.5818,1.0,1.0
5a550f98134fea001a0e189c,True,How many different network technologies where there before 1973?,,The provided documents do not contain this information.,refused,True,retrieval_distance,0.5571,1.0,1.0
5ad26d27d7d075001a4293c1,True,Where is the border of Bavaria?,,The provided documents do not contain this information.,refused,True,model_judgement,0.482,1.0,1.0
5a669a2cf038b7001ab0c044,True,What began operation in 1982?,,The provided documents do not contain this information.,refused,True,retrieval_distance,0.7638,1.0,1.0
5ad25c56d7d075001a428e9b,True,Why does a higher level of economic growth occur due to high-end consumption?,,The provided documents do not contain this information.,refused,True,model_judgement,0.5243,1.0,1.0
5a82325231013a001a3352b9,True,"What did families with incomes below $38,000 pay for tuition in 2009?",,The provided documents do not contain this information.,refused,True,model_judgement,0.2613,1.0,1.0
572863c72ca10214002da2d4,False,Which tribes did Genghis Khan unite?,Mongol and Turkic tribes | Mongol and Turkic tribes | the Mongol and Turkic tribes,The Mongol and Turkic tribes of the steppes.,answered,False,,0.3655,0.0,0.8
5ad532575b96ef001a10ab7f,True,What unit is measured to determine circuit simplicity?,,The provided documents do not contain this information.,refused,True,retrieval_distance,0.6109,1.0,1.0
5ad4faa45b96ef001a10a85b,True,How many items is the Zbigniew Library home to?,,The provided documents do not contain this information.,refused,True,retrieval_distance,0.6391,1.0,1.0
5733f1784776f41900661575,False,How many men did Duquesne send to relieve  Saint-Pierre ?,"Contrecœur led 500 men south from Fort Venango on April 5, 1754 | 40 | 40 | additional French forces | 40 men",The provided documents do not contain this information.,refused,True,model_judgement,0.4527,0.0,0.0
572667e2f1498d1400e8de90,False,"What foreign bodies, which are older than the rocks themselves, occur igneous rocks?",xenoliths | xenoliths | inclusions | xenoliths,Xenoliths.,answered,False,,0.3544,1.0,1.0
572978f91d046914007794d6,False,Who demonstrated how to create a perfect number from a Mersenne prime?,Euclid | Euclid | Euclid | Euclid | Euclid,Euclid also showed how to construct a perfect number from a Mersenne prime.,answered,False,,0.2454,0.0,0.1667
5ad2434fd7d075001a4289da,True,What do the top 400 richest Americans have less of than half of all Americans combined?,,The provided documents do not contain this information.,refused,True,model_judgement,0.2493,1.0,1.0
571c3a685efbb31900334db3,False,Of what group in the periodic table is oxygen a member?,chalcogen | chalcogen | chalcogen | chalcogen | the chalcogen group,Oxygen is a member of the chalcogen group on the periodic table.,answered,False,,0.2885,0.0,0.3636
57268f05dd62a815002e8992,False,"Which genus is considered the ""aunt"" of ctenophores?",Stromatoveris | Stromatoveris | Stromatoveris,"Stromatoveris is considered the ""aunt"" of ctenophores.",answered,False,,0.3793,0.0,0.2857
57287c2bff5b5019007da26d,False,"According to the wealth concentration theory, what advantage do the wealthy have in accumulating new wealth?",means to invest | the means to invest in new sources of creating wealth or to otherwise leverage the accumulation of wealth | means to invest in new sources of creating wealth,"According to the wealth concentration theory, those who already hold wealth have the means to invest in new sources of creating wealth or to otherwise leverage the accumulation of wealth, thus are the beneficiaries of the new wealth.",answered,False,,0.1871,0.0,0.6531
5725b81b271a42140099d098,False,How many square kilometers of rainforest is covered in the basin?,"5,500,000 square kilometres (2,100,000 sq mi) are covered by the rainforest. | 5,500,000 | 5,500,000","5,500,000 square kilometres (2,100,000 sq mi) are covered by the rainforest.",answered,False,,0.3955,1.0,1.0
5ad24840d7d075001a428b60,True,What are those with lower incomes more likely to have in order to prepare for the future?,,The provided documents do not contain this information.,refused,True,model_judgement,0.4613,1.0,1.0
5a25c41def59cd001a623cd8,True,What is the trend in skills among architects?,,The provided documents do not contain this information.,refused,True,model_judgement,0.4526,1.0,1.0
5ad40397604f3c001a3ffd85,True, Where did the Grand Canal not begin?,,The provided documents do not contain this information.,refused,True,retrieval_distance,0.655,1.0,1.0
572a064a3f37b3190047865f,False,Indigenous territories are largely being destroyed in what two ways?,deforestation and ecocide | deforestation and ecocide | deforestation and ecocide,Deforestation and ecocide.,answered,False,,0.3127,1.0,1.0
5726fa525951b619008f83f7,False,What are the two symbols that signify pharmacy in English-speaking countries?,the mortar and pestle and the ℞ (recipere) character | mortar and pestle and the ℞ (recipere) character | the mortar and pestle and the ℞ (recipere) character,"The two symbols most commonly associated with pharmacy in English-speaking countries are the mortar and pestle and the ℞ (recipere) character, which is often written as ""Rx"" in typed text.",answered,False,,0.2395,0.0,0.4118
57264cfa708984140094c1c4,False,Combs are called what?,"also called ""ctenes"" or ""comb plates | ""ctenes"" or ""comb plates"" | ctenes","Combs are also called ""ctenes"" or ""comb plates"".",answered,False,,0.434,0.0,0.8571
5ad28253d7d075001a429832,True,Where does the Upper Rhine flow through?,,The provided documents do not contain this information.,refused,True,model_judgement,0.3699,1.0,1.0
5a8943753b2508001a72a573,True,What is the logic behind the cicadas outbreak?,,"The logic behind the cicadas' 13- and 17-year life cycle, which results in outbreaks at prime-numbered intervals, is that this makes it very difficult for predators to evolve that could specialize as predators on Magicicadas.",answered,False,,0.445,0.0,0.0
5ad025df77cf76001a686ba5,True,What percentage of the non-eligible voting population did not vote?,,The provided documents do not contain this information.,refused,True,model_judgement,0.3421,1.0,1.0
5725d52f89a1e219009abf78,False,Packet Switching contrast with what other principal ,circuit switching | circuit switching | circuit switching,Packet Switching contrasts with circuit switching.,answered,False,,0.3356,0.0,0.5
5ad24f27d7d075001a428c88,True,In what year did Frederick William of Prussia become the Great Elector?,,The provided documents do not contain this information.,refused,True,retrieval_distance,0.628,1.0,1.0
5a5504e1134fea001a0e17f8,True,In the late 1950s what concept was developed?,,The provided documents do not contain this information.,refused,True,retrieval_distance,0.6446,1.0,1.0
5ad24e85d7d075001a428c50,True,What country was very well known for offering a Protestant education?,,The provided documents do not contain this information.,refused,True,model_judgement,0.5072,1.0,1.0
5725f6e138643c19005acf1c,False,What is the most snow Fresno has ever had?,2.2 inches | 2.2 inches (0.06 m) | 2.2 inches,The provided documents do not contain this information.,refused,True,model_judgement,0.4154,0.0,0.0
5a66893ff038b7001ab0bf77,True,What do people pleading no contest believe about defending themselves?,,The provided documents do not contain this information.,refused,True,model_judgement,0.4577,1.0,1.0
5727d0f73acd2414000ded13,False,When was the divestment from South Africa movement? ,late 1980s | late 1980s | 1980s,The divestment from South Africa movement occurred in the late 1980s.,answered,False,,0.4431,0.0,0.3636
572864542ca10214002da2df,False,The Maroons compete in what league division?,NCAA's Division III | NCAA's Division III,The NCAA's Division III.,answered,False,,0.4781,1.0,1.0
5a3e40d1378766001a002520,True,Which report depicted lesser temperature variations?,,The first assessment report depicted larger global temperature variations over the past 1000 years compared to the graph extended from the IPCC Second Assessment Report of 1995.,answered,False,,0.315,0.0,0.0
572ff430a23a5019007fcbaa,False,What is the region called that is the largest conurbation of the Rhine?,Rhine-Ruhr | Rhine-Ruhr | Rhine-Ruhr region,The Rhine-Ruhr region.,answered,False,,0.33,1.0,1.0
5ad24d2ad7d075001a428c1e,True,In what year did Louis XIV die?,,The provided documents do not contain this information.,refused,True,model_judgement,0.4745,1.0,1.0
572695285951b619008f774b,False,Which TFEU article defines the ordinary legislative procedure that applies for majority of EU acts?,TFEU article 294 | TFEU article 294 | TFEU article 294 | TFEU article 294,"TFEU article 294 defines the ""ordinary legislative procedure"" that applies for most EU acts.",answered,False,,0.2234,0.0,0.375
5a63730568151a001a9222df,True,What is the upper level of the Australian House of Representatives called?,,"The provided documents do not contain this information.  (Note: The context actually refers to the Parliament of Victoria, but does not mention the Australian House of Representatives. It mentions that Victoria has 37 seats in the Australian House of Representatives, but it does not provide a name f",hedged,False,,0.4259,0.0,0.0
57111ab8a58dae1900cd6c3d,False,Which areas of Northern Europe practiced those religions?,Germany and Scandinavia | Germany and Scandinavia | Germany and Scandinavia,The provided documents do not contain this information.,refused,True,retrieval_distance,0.6207,0.0,0.0
5729f0db6aef051400155126,False,The Amazon region is home to how many species of insect?,2.5 million | about 2.5 million | 2.5 million,The Amazon region is home to about 2.5 million insect species.,answered,False,,0.2501,0.0,0.4615
5ad3a27c604f3c001a3fea32,True,When was Queen George's war?,,The provided documents do not contain this information.,refused,True,model_judgement,0.386,1.0,1.0
572991943f37b319004784a2,False,What is a twin prime?,pairs of primes with difference 2 | pairs of primes with difference 2 | pairs of primes with difference 2 | pairs of primes with difference 2,Pairs of primes with difference 2.,answered,False,,0.4506,1.0,1.0
5ad4f7df5b96ef001a10a7fd,True,What did the license to build this type of car expire in 1995?,,The provided documents do not contain this information.,refused,True,model_judgement,0.5283,1.0,1.0
5ad10e0f645df0001a2d0b75,True,What is the lowest court in the European Union?,,The provided documents do not contain this information.,refused,True,model_judgement,0.4017,1.0,1.0
5710eb6fb654c5140001fa19,False,Which Spanish officer established the settlement at St. Augustine?,Pedro Menéndez de Avilés | Pedro Menéndez de Avilés | Pedro Menéndez de Avilés,Pedro Menéndez de Avilés.,answered,False,,0.3647,1.0,1.0
570d529fb3d812140066d6bc,False,"Besides cultural events, what other tourist attraction does Victoria have?",sports | sports tourism | sports,Sports tourism.,answered,False,,0.2547,1.0,1.0
5a669a2cf038b7001ab0c048,True,NSF was a major milestone for what?,,The provided documents do not contain this information.,refused,True,retrieval_distance,0.5879,1.0,1.0
5ad146c0645df0001a2d1507,True,What must the adoption of laws which will not have legal effect in the EU have?,,The provided documents do not contain this information.,refused,True,model_judgement,0.2416,1.0,1.0
5729e6313f37b319004785a9,False,During what period the drainage basin of the Amazon likely split?,the mid-Eocene | the mid-Eocene | mid-Eocene,The mid-Eocene.,answered,False,,0.2539,1.0,1.0
5ad0421177cf76001a686f17,True,What city is in the Greater Bay Region?,,The provided documents do not contain this information.,refused,True,retrieval_distance,0.725,1.0,1.0
57263eaa38643c19005ad373,False,What does ctenophora rely on for digestion and respiration?,water flow through the body cavity | κτείς kteis 'comb' and φέρω pherō 'carry' | water flow through the body cavity,Water flow through the body cavity.,answered,False,,0.4375,1.0,1.0
5737a0acc3c5551400e51f4a,False,What may a force on one part of an object affect?,other parts | other parts of an object | other parts of an object | other parts of an object,Other parts of an object.,answered,False,,0.3704,1.0,1.0
5729fb003f37b31900478628,False,"As a person gets older, what does the skin produce less of?",vitamin D | vitamin D | vitamin D.,Vitamin D via UVB radiation.,answered,False,,0.3704,0.0,0.5714
57299a6f6aef051400155018,False,What does it mean for a knot to be considered indecomposable?,it cannot be written as the knot sum of two nontrivial knots | cannot be written as the knot sum of two nontrivial knots | cannot be written as the knot sum of two nontrivial knots | it cannot be written as the knot sum of two nontrivial knots,"According to the context, a knot is considered indecomposable if it cannot be written as the knot sum of two nontrivial knots.",answered,False,,0.4544,0.0,0.7333
572fe288a23a5019007fcadb,False,How was the Dutch name for the Rhine originally spelled? ,Rhijn | Rhijn | Rhijn | Rhijn | Rhijn,"The Dutch name for the Rhine was originally spelled ""Rhijn"".",answered,False,,0.3253,0.0,0.2222
572f567cb2c2fd1400568041,False,Where does the Rhine river's measurement begin?,Old Rhine Bridge at Constance | Old Rhine Bridge at Constance | the Old Rhine Bridge at Constance | Old Rhine Bridge at Constance | Old Rhine Bridge,"The ""Old Rhine Bridge at Constance"" is where the Rhine river's measurement begins, specifically at 0 km.",answered,False,,0.2487,0.0,0.5
57293d116aef051400154bc8,False,What does the IPCC not do?,does not carry out research nor does it monitor climate related data | research | carry out research nor does it monitor climate related data,The provided documents do not contain this information.,refused,True,retrieval_distance,0.5352,0.0,0.0
5a89464f3b2508001a72a58f,True,What is one example of unique rational primes?,,The provided documents do not contain this information.,refused,True,model_judgement,0.3932,1.0,1.0
572847dd4b864d19001648be,False,How many inhabitants did Betty Meggers believe could occupy each square kilometre of the Amazon?,0.2 | 0.2 | 0.2,"According to the context, Betty Meggers believed that a population density of 0.2 inhabitants per square kilometre (0.52/sq mi) is the maximum that can be sustained in the rainforest through hunting.",answered,False,,0.3748,0.0,0.0714
5ad3b6d8604f3c001a3fedfc,True,Who refused to act until Loudoun disapproved plans?,,The provided documents do not contain this information.,refused,True,retrieval_distance,0.6846,1.0,1.0
57096505ed30961900e84086,False,When are the new Sky Q products going to be available?,2016 | in 2016 | 2016,"According to the context, the new Sky Q products are going to be available in 2016.",answered,False,,0.2393,0.0,0.25
5a6cef5a4eec6b001a80a6fd,True,Who can't pay Australian pharmacists for doing Home Medicines Reviews?,,The provided documents do not contain this information.,refused,True,model_judgement,0.2812,1.0,1.0
5a667f50846392001a1e1c6a,True,Who did Davies tell about Baran's work?,,A person from the Ministry of Defence (MoD).,answered,False,,0.5038,0.0,0.0
5a823a7731013a001a33530d,True,How old is the NCAA Division I Ivy League competition?,,The provided documents do not contain this information.,refused,True,model_judgement,0.4123,1.0,1.0
57377083c3c5551400e51ee2,False,Objects of constant density are proportional to volume by what force to define standard weights?.,gravity | gravity | the force of gravity | force of gravity | the force of gravity,The force of gravity.,answered,False,,0.4178,1.0,1.0
5729e2316aef0514001550c7,False,Which nation contains the majority of the amazon forest?,Brazil | Brazil | Brazil,"Brazil. The majority of the forest is contained within Brazil, with 60% of the rainforest...",answered,False,,0.1817,0.0,0.1538
5a57fb62770dc0001aeeff12,True,What happens because younger rock is deeper?,,The provided documents do not contain this information.,refused,True,model_judgement,0.3547,1.0,1.0
5a81f84e31013a001a33500b,True,What university was John of London an alum of?,,The provided documents do not contain this information.,refused,True,model_judgement,0.5266,1.0,1.0
5a6ce2ec4eec6b001a80a676,True,Where are no hospital pharmacies located?,,The provided documents do not contain this information.,refused,True,model_judgement,0.263,1.0,1.0
5ad570b25b96ef001a10aede,True,What seminal paper was written by Juris Hartmanis and Richard Stearns in 1975?,,The provided documents do not contain this information.,refused,True,retrieval_distance,0.5695,1.0,1.0
5727c8863acd2414000dec4b,False,Along what geographic feature are nine residential houses located?,Charles River | Charles River | Charles River,Along or near the Charles River.,answered,False,,0.495,0.0,0.5714
57096f37200fba1400367fe6,False,what is the fee range for accessing BSkyB's EPG?,"£15–100,000 | £15–100,000 | £15–100,000","£15–100,000.",answered,False,,0.2359,1.0,1.0
57263eaa38643c19005ad375,False,Where do ctenophora live?,marine waters | marine waters worldwide | marine waters,Ctenophora live in marine waters worldwide.,answered,False,,0.483,0.0,0.6667
5711488ab654c5140001fc41,False,"Along with admission, exhaust and compression, what is an event in the engine cycle?",expansion | expansion | expansion,Expansion.,answered,False,,0.3973,1.0,1.0
57108198b654c5140001f937,False,How many protestants live in France today?,one million | Approximately one million | Approximately one million,Approximately one million Protestants live in modern France.,answered,False,,0.3459,0.0,0.5455
5ad25553d7d075001a428d34,True,Where have Genesis geologists measured oxygen isotopes?,,The provided documents do not contain this information.,refused,True,model_judgement,0.3354,1.0,1.0
572fe53104bcaa1900d76e6c,False,What was diverted and now flows parallel to the Rhine?,Dornbirner Ach | Dornbirner Ach | The Dornbirner Ach | Dornbirner Ach,"The Dornbirner Ach had to be diverted, too, and it now flows parallel to the canalized Rhine into the lake.",answered,False,,0.2783,0.0,0.2105
56e1efa0e3433e140042321d,False,What implication can be derived for P and NP if P and co-NP are established to be unequal?,P is not equal to NP | not equal | P is not equal to NP,"It has been shown that if P and co-NP are not equal, then P is not equal to NP.",answered,False,,0.3491,0.0,0.48
5ad14966645df0001a2d1584,True,What did the European Court of Justice not recognize?,,The provided documents do not contain this information.,refused,True,model_judgement,0.3508,1.0,1.0
5a8945a43b2508001a72a584,True,"What is the name of an integer in which addition, subtraction, and multiplication are defined?",,The provided documents do not contain this information.,refused,True,retrieval_distance,0.5675,1.0,1.0
57097d63ed30961900e84200,False,What were high court proceedings being held about?,basic channels | the carriage of their respective basic channels | carriage of their respective basic channels,The provided documents do not contain this information.,refused,True,retrieval_distance,0.6423,0.0,0.0
5730bd00069b5314008322d7,False,What was the capital of the Ottoman empire?,Istanbul | Istanbul | Istanbul | Istanbul | Istanbul,Istanbul.,answered,False,,0.3786,1.0,1.0
5ad2594ed7d075001a428dfc,True,What profession doesn't Simon Kuznets have?,,The provided documents do not contain this information.,refused,True,retrieval_distance,0.66,1.0,1.0
57303048947a6a140053d256,False,Who called for an agency to be created to be solely focused at undermining the Islamism ideology?,Christian Whiton | George W. Bush | Christian Whiton,"Christian Whiton, an official in the George W. Bush administration, called for a new agency focused on the nonviolent practice of ""political warfare"" aimed at undermining the ideology.",answered,False,,0.3951,0.0,0.2308
5a82370631013a001a3352e2,True,How many museums does the Busch-Reisinger Museum comprise?,,The provided documents do not contain this information.,refused,True,model_judgement,0.4429,1.0,1.0
56e1e9dfe3433e14004231fc,False,What is the problem attributed to defining if two finite graphs are isomorphic?,The graph isomorphism problem | graph isomorphism | The graph isomorphism problem,The graph isomorphism problem.,answered,False,,0.2064,1.0,1.0
5ad508665b96ef001a10aa69,True,What was Maria Wola the first female recipient of?,,The provided documents do not contain this information.,refused,True,retrieval_distance,0.6224,1.0,1.0
5a67a5d9f038b7001ab0c3e0,True,When did the Philippines start teaching English at the primary level in public school?,,The provided documents do not contain this information.,refused,True,retrieval_distance,0.5321,1.0,1.0
5ad25dd3d7d075001a428f02,True,What is equivalent to 804 liters of gaseous oxygen?,,The provided documents do not contain this information.,refused,True,model_judgement,0.4392,1.0,1.0
5ad27abcd7d075001a42962c,True,How wide are the Jura Mountains?,,The provided documents do not contain this information.,refused,True,retrieval_distance,0.7975,1.0,1.0
57300a25a23a5019007fcc98,False,What was a long term goal of French foreign policy along the Rhine?,"Establishing ""natural borders"" | Establishing ""natural borders"" | Establishing ""natural borders"" on the Rhine","Establishing ""natural borders"" on the Rhine.",answered,False,,0.3002,1.0,1.0
5a1c8753b4fb5d0018714669,True,What other film city struggled as Jacksonville grew in popularity?,,The provided documents do not contain this information.,refused,True,model_judgement,0.3384,1.0,1.0
5ad1373b645df0001a2d11ce,True,Who is currently the Vice President of Council?,,The provided documents do not contain this information.,refused,True,retrieval_distance,0.569,1.0,1.0
5a55106f134fea001a0e18af,True,What was the purpose of the suite developed in 1985? ,,The provided documents do not contain this information.,refused,True,retrieval_distance,0.766,1.0,1.0
57339ad74776f41900660e89,False,Where is the Jazz Jamboree hosted?,Warsaw | Warsaw | Warsaw,The provided documents do not contain this information.,refused,True,retrieval_distance,0.5985,0.0,0.0
5ad24840d7d075001a428b5c,True,What is key to getting the skills needed for low demand jobs?,,The provided documents do not contain this information.,refused,True,retrieval_distance,0.649,1.0,1.0
5737a5931c456719005744e7,False,Where does centripetal force go?,toward the center of the curving path | center of the curving path. | the center of the curving path | directed toward the center of the curving path,The provided documents do not contain this information.,refused,True,model_judgement,0.3055,0.0,0.0
57297bc9af94a219006aa4ca,False,What must the integer m be less than or equal to when performing trial division?,less than or equal to the square root of n | the square root of n | square root of n | the square root of n. | the square root of n.,The square root of n.,answered,False,,0.4181,1.0,1.0
57263cfcec44d21400f3dc8d,False,What was Apple Talk ,a proprietary suite of networking protocols developed by Apple Inc. in 1985 | a proprietary suite of networking protocols developed by Apple Inc | proprietary suite of networking protocols,AppleTalk was a proprietary suite of networking protocols developed by Apple Inc. in 1985 for Apple Macintosh computers.,answered,False,,0.3406,0.0,0.7857
572885c44b864d1900164a7c,False,What was the Chinese name for the Central Secretariat?,Zhongshu Sheng | Zhongshu Sheng | Zhongshu Sheng,The provided documents do not contain this information.,refused,True,model_judgement,0.3323,0.0,0.0
5a89320b3b2508001a72a50f,True,"What organization offers monetary awards for identifying primes with at least 150,000 digits?",,The provided documents do not contain this information.,refused,True,model_judgement,0.3376,1.0,1.0
5a25eed2c93d92001a400347,True,What does the contractor produce to let everyone see the project's goals?,,The provided documents do not contain this information.,refused,True,model_judgement,0.3727,1.0,1.0
57106185b654c5140001f8dd,False,What Swiss city was the center of the Calvinist movement?,Geneva | Geneva | Geneva,Geneva was John Calvin's adopted home and the centre of the Calvinist movement.,answered,False,,0.3726,0.0,0.1667
5a2c08aebfd06b001a5ae98c,True,When did BSkyB become the largest US television company?,,The provided documents do not contain this information.,refused,True,model_judgement,0.3498,1.0,1.0
573362b94776f41900660976,False,What type of architecture is the Palace of Four Windows an impressive example of?,rococo | rococo | rococo,The provided documents do not contain this information.,refused,True,model_judgement,0.4015,0.0,0.0
5a25eae4c93d92001a40033f,True,What are three things the role of the main contractor is?,,"The provided context does not explicitly state the role of the main contractor, but it can be inferred that their role involves:  1. Having a direct contractual relationship with subcontractors 2. Being responsible for managing the works from inception to completion (although this is stated as part ",answered,False,,0.3959,0.0,0.0
5727e8424b864d1900163fc0,False,How many Americans are richer than more than half of all citizens?,400 | 400 | 400,The provided documents do not contain this information.,refused,True,model_judgement,0.3013,0.0,0.0
5726431aec44d21400f3dd14,False,What did Tymnet connect ,"connect host computers (servers)at thousands of large companies, educational institutions, and government agencies | host computers (servers)at thousands of large companies, educational institutions, and government agencies | host computers","According to the context, Tymnet connected:  * Host computers (servers) at thousands of large companies, educational institutions, and government agencies * Users via dial-up connections or dedicated async connections * Government agencies and large companies (mostly banks and airlines) to build the",answered,False,,0.1862,0.0,0.3385
5a835778e60761001a2eb5da,True,Where does the jelly-like layer come from in complex animals?,,The provided documents do not contain this information.,refused,True,model_judgement,0.3618,1.0,1.0
5ad25878d7d075001a428dc8,True,Where are there the fewest Protestants in France?,,The provided documents do not contain this information.,refused,True,model_judgement,0.3629,1.0,1.0
5ad22a96d7d075001a4285dc,True,When did Robert Mayow prove his theories?,,The provided documents do not contain this information.,refused,True,retrieval_distance,0.6431,1.0,1.0
5ad25d05d7d075001a428ed3,True,What do oxoacids evolve from?,,The provided documents do not contain this information.,refused,True,retrieval_distance,0.7216,1.0,1.0
57299a6f6aef051400155017,False,"For a field F containing 0 and 1, what would be the prime field?",the smallest subfield | the smallest subfield | Q or the finite field with p elements | the smallest subfield,The prime field is either Q or the finite field with p elements.,answered,False,,0.4606,0.0,0.7778
5ad3b147604f3c001a3fecd5,True,What was the goal of Haddock's expedition?,,The provided documents do not contain this information.,refused,True,retrieval_distance,0.5696,1.0,1.0
56de3cd0cffd8e1900b4b6be,False,Who did Alexander I marry?,Sybilla of Normandy | Sybilla of Normandy | Sybilla,The provided documents do not contain this information.,refused,True,retrieval_distance,0.6447,0.0,0.0
5ad4d52a5b96ef001a10a261,True,What are peptides processed into?,,The provided documents do not contain this information.,refused,True,retrieval_distance,0.6753,1.0,1.0
5727502f708984140094dc08,False,The presence of who is highly likely even in small projects?,the mortgage banker | mortgage banker | mortgage banker,The provided documents do not contain this information.,refused,True,retrieval_distance,0.5781,0.0,0.0
5a6ce4fa4eec6b001a80a688,True,What is not an example of what a clinical pharmacist's duties entail?,,The provided documents do not contain this information.,refused,True,model_judgement,0.3605,1.0,1.0
571c4132dd7acb1400e4c0b2,False,In what year did Priestley publish the findings of his experiments?,1775 | 1775 | 1775 | 1775 | 1775,1775.,answered,False,,0.267,1.0,1.0
5727515f708984140094dc11,False,What South African law recognized two types of schools?,South African Schools Act | South African Schools Act | South African Schools Act,"The South African Schools Act of 1996 recognised two categories of schools: ""public"" (state-controlled) and ""independent"" (which includes traditional private schools and schools which are privately governed).",answered,False,,0.2932,0.0,0.2667
5710e8c8a58dae1900cd6b26,False,Which central European country had a Calvinist ruler?,Prussia | Great Elector Frederick William | Prussia,The provided documents do not contain this information.,refused,True,retrieval_distance,0.5356,0.0,0.0
5710eb6fb654c5140001fa17,False,What was the name of the first Huguenot outpost in South Carolina?,Charlesfort | Charlesfort | Charlesfort,Charlesfort.,answered,False,,0.3141,1.0,1.0
5acf82c277cf76001a685067,True,Student enrollment increased as a result of increased crime and poverty in which neighborhood?,,"The provided documents do not contain this information.   However, it can be inferred that student applications declined due to increasing crime and poverty in the Hyde Park neighborhood.",hedged,False,,0.4242,0.0,0.0
57286bf84b864d19001649d6,False,What is the name of the American writer and satirist who is also a university alumni?,Kurt Vonnegut | Kurt Vonnegut | Kurt Vonnegut,Kurt Vonnegut.,answered,False,,0.3291,1.0,1.0
5ad3bf63604f3c001a3fef5d,True,How many horsepower was Newcomen's engine?,,The provided documents do not contain this information.,refused,True,model_judgement,0.4385,1.0,1.0
5733d3cb4776f419006612eb,False,What is the confusion of the French and Indian war?,"Indians fought on both sides of the conflict, and that this was part of the Seven Years' War | Indians fought on both sides of the conflict | obscures the fact that Indians fought on both sides of the conflict, and that this was part of the Seven Years' War | Seven Years' War | it obscures the fact that Indians fought on both sides of the conflict","The provided context does not explicitly state what the ""confusion"" of the French and Indian War is. However, it mentions that the traditional name ""French and Indian War"" obscures the fact that Indians fought on both sides of the conflict, implying that this might be a source of confusion or miscon",answered,False,,0.4108,0.0,0.4615
5ad26f6ed7d075001a429422,True,In what era was the Williamite war in Ireland?,,The provided documents do not contain this information.,refused,True,model_judgement,0.4341,1.0,1.0
5a605cdce9e1cc001a33cd4a,True,Can a packet ever be sent to the wrong number?,,The provided documents do not contain this information.,refused,True,model_judgement,0.4051,1.0,1.0
5725c41eec44d21400f3d50e,False,How has this debate been proven?,This debate has proved difficult | difficult to resolve,The provided documents do not contain this information.,refused,True,retrieval_distance,0.6671,0.0,0.0
572fc5a1947a6a140053cc8c,False,Who has the task of ensuring party members vote according to the party line?,whips | whips | whips,"Parties entrust some MSPs, known as whips, with the task of ensuring that party members vote according to the party line.",answered,False,,0.3556,0.0,0.1
572a05eb3f37b31900478657,False,Policies which reduce the inequality associated effects of unemployment support what type of growth?,economic | economic | economic,Policies which reduce the inequality-associated effects of unemployment support economic growth.,answered,False,,0.2428,0.0,0.1818
572998673f37b319004784d9,False,How much larger would cicada predator populations be if cicada outbreaks occurred at 14 and 15 year intervals?,up to 2% higher | 2% | 2% | 2%,"Over a 200-year period, average predator populations during hypothetical outbreaks of 14- and 15-year cicadas would be up to 2% higher than during outbreaks of 13- and 17-year cicadas.",answered,False,,0.3366,0.0,0.25
5a2c3a5cbfd06b001a5aea7b,True,What is available as stand-alone DVB CAMs?,,VideoGuard decoders are not available as stand-alone DVB CAMs.,answered,False,,0.3935,0.0,0.0
573003dd947a6a140053cf43,False,Why did natural sedimentation by the Rhine compensate the transgression bby the sea?,Rates of sea-level rise | sea-level rise had dropped | Rates of sea-level rise had dropped,The provided documents do not contain this information.,refused,True,model_judgement,0.3103,0.0,0.0
5ad3bb68604f3c001a3feec7,True,What battle inside Quebec City did British lose in 1760?,,The Battle of Sainte-Foy.,answered,False,,0.301,0.0,0.0
572fd6aa04bcaa1900d76da0,False,"What month, every four years, are the ordinary general elections held on?",May | May | May,May.,answered,False,,0.2231,1.0,1.0
5ad4d0385b96ef001a10a17c,True,What is used to eliminate a pathogen that infects the body once?,,The provided documents do not contain this information.,refused,True,model_judgement,0.28,1.0,1.0
572fb42904bcaa1900d76c17,False,What type of ballot is used to elect the Presiding Officer and deputies of the Parliament?,secret | secret | a secret ballot,A secret ballot.,answered,False,,0.3779,1.0,1.0
5729efab3f37b319004785d2,False,Dendritic cells present antigens to what cells of the adaptive nervous system?,T cells | T cells | T cells,"The provided documents do not contain this information.  However, I can infer that the question is likely referring to the ""adaptive immune system"", not the ""nervous system"". According to the context, dendritic cells present antigens to T cells, which are a key cell type of the adaptive immune syste",hedged,False,,0.258,0.0,0.0909
56de3dbacffd8e1900b4b6d2,False,What country was under the control of Norman barons?,Wales | Wales | Wales,Wales was at some point subject to Norman interference.,answered,False,,0.372,0.0,0.2
5a58e9133e1742001a15cea6,True,What is the key bed?,,The provided documents do not contain this information.,refused,True,retrieval_distance,0.6019,1.0,1.0
5725fb8138643c19005acf40,False,What was the very first television station to broadcast in Fresno?,KMJ-TV | KMJ-TV | KMJ-TV,KMJ-TV.,answered,False,,0.3385,1.0,1.0
572fc5a1947a6a140053cc8d,False,What happens if a member doesn't vote the party line?,deselected as official party candidates during future elections | deselected as official party candidates | deselected as official party candidates during future elections,Those who don't vote according to the party line are unlikely to reach higher political ranks in their parties.,answered,False,,0.426,0.0,0.087
5ad2605dd7d075001a428fc7,True,"In Galileo's view, the terrestrial sphere contained how many elements?",,The provided documents do not contain this information.,refused,True,model_judgement,0.3432,1.0,1.0
5728683b3acd2414000df9b0,False,In what year did the scavenger hunt begin?,1987 | 1987 | 1987,The provided documents do not contain this information.,refused,True,retrieval_distance,0.5913,0.0,0.0
5ad25d39d7d075001a428eda,True,How are the rates of social goods in countries with lower inequality?,,"According to the context, in countries with lower inequality, such as Japan and Finland, there are higher rates of social goods, including:  * Life expectancy by country * Educational performance * Trust among strangers * Women's status * Social mobility * Numbers of patents issued.",answered,False,,0.4025,0.0,0.0
5ad26105d7d075001a428ff5,True,What establishments have been around since 1990?,,The provided documents do not contain this information.,refused,True,retrieval_distance,0.7393,1.0,1.0
5a605197eae51e001ab14d0c,True,Did Paul Baran has assistance from anyone when he developed the concept?,,The provided documents do not contain this information.,refused,True,retrieval_distance,0.6892,1.0,1.0
571cc6f85efbb31900334de4,False,At what temperature will oxygen condense?,"90.20 K | 90.20 K | 90.20 K (−182.95 °C, −297.31 °F) | 90.20 K | 90.20 K (−182.95 °C, −297.31 °F)","Oxygen condenses at 90.20 K (−182.95 °C, −297.31 °F).",answered,False,,0.2953,0.0,0.8
5a668682f038b7001ab0bf50,True,What does X.25's integrity operations concern?,,The provided documents do not contain this information.,refused,True,retrieval_distance,0.6166,1.0,1.0
5ad25c69d7d075001a428ea5,True,What South African family had the largest vineyard in France?,,The provided documents do not contain this information.,refused,True,model_judgement,0.3865,1.0,1.0
5ad26dbcd7d075001a4293d5,True,In what year did the Black Eagle Brewery change its name to Old Truman Brewery?,,The provided documents do not contain this information.,refused,True,model_judgement,0.385,1.0,1.0
5ad53ac65b96ef001a10abae,True,What does not regularly use input coding as its concrete choice?,,The provided documents do not contain this information.,refused,True,retrieval_distance,0.5412,1.0,1.0
5ad03b4677cf76001a686ea2,True, When did the Ottoman Empire rise?,,"The provided documents do not contain this information.  However, based on the context, we can infer that the Ottoman Empire was established in 1299.",hedged,False,,0.3656,0.0,0.0
570d4030fed7b91900d45da1,False,What entity owns V/Line?,Victorian Government | the Victorian Government | Victorian Government,The provided documents do not contain this information.,refused,True,retrieval_distance,0.6628,0.0,0.0
5ad40b9a604f3c001a40001b,True,What type of valve is used by recent springs?,,Adjustable spring-loaded valve,answered,False,,0.5297,0.0,0.0
573755afc3c5551400e51eb5,False,What is the magnitude of force divided by when external force is added?,mass of the system | mass of the system | the mass of the system | the mass of the system | mass of the system,"The provided context does not explicitly state what the magnitude of force is divided by when an external force is added. However, it mentions that the acceleration of the center of mass is proportional to the magnitude of the external force divided by the mass of the system.  So, based on this info",answered,False,,0.4151,0.0,0.1034
572826634b864d19001645c1,False,What Jacksonville community is known for having heavy ties to the Navy?,Filipino | Filipino community | Filipino,"The provided documents do not contain this information.  However, based on the context, it can be inferred that the Filipino community in Jacksonville has ties to the United States Navy.",hedged,False,,0.1952,0.0,0.1429
5a8940ba3b2508001a72a55e,True,"According to Giuga's theorem, what factorial must be divisible by p if some integer p > 1 is to be considered prime?",,The provided documents do not contain this information.,refused,True,model_judgement,0.3801,1.0,1.0
57373f80c3c5551400e51e93,False,What force acted on bodies to retard their velocity?,friction | friction | gravity | friction | friction | force,Friction.,answered,False,,0.4842,1.0,1.0
56e1efa0e3433e140042321a,False,In what complexity class do complement problems of NP problems exist?,co-NP | co-NP | co-NP,co-NP,answered,False,,0.2393,1.0,1.0
5ad4cd6e5b96ef001a10a127,True,What building was a gift from Poland?,,"The provided documents do not contain this information.  However, it is mentioned that the Palace of Culture and Science was a gift from the Soviet Union.",hedged,False,,0.4343,0.0,0.0
5a6681d1f038b7001ab0bf01,True,What is using moral dialogue considered when not following the law?,,The provided documents do not contain this information.,refused,True,retrieval_distance,0.6067,1.0,1.0
57265c10f1498d1400e8dd36,False,What does the bathocyroe and ocyropsis do to escape danger?,by clapping their lobes | clapping their lobes | clapping their lobes,"Members of the lobate genera Bathocyroe and Ocyropsis can escape from danger by clapping their lobes, so that the jet of expelled water drives them backwards very quickly.",answered,False,,0.5083,0.0,0.2667
5729e500af94a219006aa6b6,False,Beginning how many years ago did the amazon rainforest extend 45 degrees south?,66–34 Mya | 66–34,The provided documents do not contain this information.,refused,True,model_judgement,0.3986,0.0,0.0
572940246aef051400154bec,False,What other activities does the UNFCCC require the IPCC to run?,the Data Distribution Centre and the National Greenhouse Gas Inventories Programme | Data Distribution Centre and the National Greenhouse Gas Inventories Programme | Data Distribution Centre and the National Greenhouse Gas Inventories Programme,The Data Distribution Centre and the National Greenhouse Gas Inventories Programme.,answered,False,,0.2903,1.0,1.0
570d35b7b3d812140066d551,False,What is the Victoria state bird?,helmeted honeyeater | the helmeted honeyeater | helmeted honeyeater,The provided documents do not contain this information.,refused,True,retrieval_distance,0.5862,0.0,0.0
56e1c4fce3433e1400423150,False,BQP and QMA are examples of complexity classes most commonly associated with what type of Turing machine?,quantum | quantum | quantum,Quantum Turing machines.,answered,False,,0.3042,0.0,0.5
5a591a5f3e1742001a15cf8b,True,Research regarding metamorphic processes helps explain what about pressure?,,The provided documents do not contain this information.,refused,True,model_judgement,0.3711,1.0,1.0
5a6696d0f038b7001ab0c022,True,What applications did AUSTPAC not support?,,The provided documents do not contain this information.,refused,True,model_judgement,0.3239,1.0,1.0
5ad3f7ac604f3c001a3ffa3b,True,Who did Edgar marry?,,The provided documents do not contain this information.,refused,True,retrieval_distance,0.5365,1.0,1.0
572fbea404bcaa1900d76c5c,False,Why is the seating of the debating chamber arranged as it is?,encourage consensus amongst elected members | encourage consensus amongst elected members | reflects the desire to encourage consensus amongst elected members,"The debating chamber of the Scottish Parliament has seating arranged in a hemicycle, which reflects the desire to encourage consensus amongst elected members.",answered,False,,0.3378,0.0,0.5926
57297547af94a219006aa45c,False,Who included 1 as the first prime number in the mid 18th century?,Christian Goldbach | Christian Goldbach | Christian Goldbach | mathematicians | mathematicians,Christian Goldbach listed 1 as the first prime in his famous correspondence with Leonhard Euler.,answered,False,,0.2958,0.0,0.25
5a1c55b4b4fb5d0018714605,True,What cities 340 km from Jacksonville?,,The provided documents do not contain this information.,refused,True,model_judgement,0.3399,1.0,1.0
572982e66aef051400154f94,False,"the Great Internet Mersenne Prime Search, what was the prize for finding a prime with at least 10 million digits?","US$100,000 | US$100,000 | US$100,000 | $100,000 | US$100,000","A US$100,000 prize.",answered,False,,0.1983,0.0,0.6667
5ad3cab2604f3c001a3ff0e4,True,Who created an engine using transport applications in 1801?,,The provided documents do not contain this information.,refused,True,model_judgement,0.5035,1.0,1.0
5a63866968151a001a922337,True,What party is strongest in Melbourne's financial district?,,The provided documents do not contain this information.,refused,True,model_judgement,0.4117,1.0,1.0
5733e5a14776f4190066145c,False,Who was given land by British goovernment for development of Ohio Country?,Ohio Company of Virginia | Ohio Company of Virginia | Ohio Company of Virginia | Ohio Company of Virginia | Ohio Company,The Ohio Company of Virginia.,answered,False,,0.2942,1.0,1.0
5a1c539bb4fb5d00187145fa,True,Which Florida city has a smallest population?,,The provided documents do not contain this information.,refused,True,model_judgement,0.4441,1.0,1.0
5ad04f7977cf76001a686fbc,True,What MSL team is from Southern California?,,The LA Galaxy.,answered,False,,0.4342,0.0,0.0
5726dcbddd62a815002e9321,False,In which two codes were the roles of pharmacists codified?,the Taihō Code (701) and re-stated in the Yōrō Code (718) | Taihō Code (701) and re-stated in the Yōrō Code | Taihō Code (701) and re-stated in the Yōrō Code,The Taihō Code (701) and the Yōrō Code (718).,answered,False,,0.4469,0.0,0.875
57308ddc396df919000961a5,False,What law justified British imperialism?,Terra nullius | Terra nullius | Terra nullius | Terra nullius,Roman law.,answered,False,,0.4314,0.0,0.0
57264228ec44d21400f3dcf9,False,Telnet was sold to ,Telenet was incorporated in 1973 and started operations in 1975. It went public in 1979 and was then sold to GTE | GTE | GTE,GTE.,answered,False,,0.3942,1.0,1.0
5ad40ac5604f3c001a3fffc8,True, What type of medicine did otachi reject?,,"The provided context does not specify what type of medicine otachi rejected, but it mentions that Mongol shamans used spiritual cures. It can be inferred that otachi doctors focused on herbal remedies and possibly rejected or distinguished themselves from the spiritual aspects of Mongol shamanism.",answered,False,,0.4702,0.0,0.0
57339555d058e614000b5df3,False,What year was the University of Warsaw established?,1816 | 1816 | 1816,The University of Warsaw was established in 1816.,answered,False,,0.2224,0.0,0.25
572a11663f37b31900478693,False,When did Galor and Zeria show new information about inequality?,1993 | 1993 | 1993,The provided documents do not contain this information.,refused,True,retrieval_distance,0.5599,0.0,0.0
573792ee1c456719005744ba,False,What was used to create a new electromagnetic theory to reconcile the troubles with electromagnetic theory as it used to stand?,quantum mechanics | quantum mechanics | quantum mechanics | the work of leading theoretical physicists,Quantum mechanics was used to create a new electromagnetic theory.,answered,False,,0.4045,0.0,0.3636
572a05eb3f37b31900478655,False,Persistent unemployment has what effect on long-term economic growth?,negative | negative effect | negative,"Negative.   According to the context, ""High and persistent unemployment...has a negative effect on subsequent long-run economic growth.""",answered,False,,0.3031,0.0,0.2353
57274b35f1498d1400e8f5d6,False,How are ergänzungsschulen funded?,tuition | tuition | tuition fees,Ergänzungsschulen are funded in whole by charging their students tuition fees.,answered,False,,0.2124,0.0,0.3077
5706143575f01819005e7953,False,What is the other NHL team aside from the Anaheim Ducks to reside in Southern California?,Los Angeles Kings | Los Angeles Kings | Los Angeles Kings,The Los Angeles Kings are the other NHL team aside from the Anaheim Ducks to reside in Southern California.,answered,False,,0.3975,0.0,0.3158
57281edd3acd2414000df4ec,False,Who was Jacksonville's mayor at the time of the consolidation?,Hans Tanzler | Hans Tanzler | Hans Tanzler,Hans Tanzler was Jacksonville's mayor at the time of the consolidation.,answered,False,,0.2356,0.0,0.3636
5ad3bf63604f3c001a3fef5c,True,What sort of motion did Newcomen's steam engine continuously produce?,,The provided documents do not contain this information.,refused,True,model_judgement,0.392,1.0,1.0
5ad53ac65b96ef001a10abad,True,What is the abstract choice typically assumed by most complexity-theoretic theorems?,,The provided documents do not contain this information.,refused,True,model_judgement,0.4754,1.0,1.0
572681c1dd62a815002e8797,False,What do platyctenida use their pharynx for?,"cling to and creep on surfaces | as a muscular ""foot"" | as a muscular ""foot""","They cling to and creep on surfaces by everting the pharynx and using it as a muscular ""foot"".",answered,False,,0.3455,0.0,0.5455
5ad2647bd7d075001a429157,True,"The Kuznets curve says with economic development, inequality will increase after what?",,"The provided context does not explicitly state the specific sequence of events regarding when inequality increases or decreases according to the Kuznets curve hypothesis. However, it mentions that ""with economic development, inequality first increases, then decreases"" as a statement about the Kuznet",answered,False,,0.2383,0.0,0.0
572ff932a23a5019007fcbd7,False,The idea that Islam can be apolitical isn't able to be embraced by whom?,its supporters | Scholars and observers | Islamism,The provided documents do not contain this information.,refused,True,model_judgement,0.3144,0.0,0.0
5711119cb654c5140001fae7,False,What made emigration to these colonies attractive?,they were accepted and allowed to worship freely | allowed to worship freely | they were accepted and allowed to worship freely,The provided documents do not contain this information.,refused,True,model_judgement,0.4933,0.0,0.0
5a2c08aebfd06b001a5ae98b,True,What year did BSkyB remove Sky Italia?,,The provided documents do not contain this information.,refused,True,model_judgement,0.3186,1.0,1.0
5ad026a777cf76001a686bcb,True,Who published its blueprint for devotion in 1995?,,The provided documents do not contain this information.,refused,True,retrieval_distance,0.8505,1.0,1.0
5a66938ff038b7001ab0bffc,True,"In the US v. Burgos-Andujar, why was a member of the Navy's sentence increased?",,The provided documents do not contain this information.,refused,True,model_judgement,0.3144,1.0,1.0
5ad0483977cf76001a686f8c,True,What locations are headquartered at the California University at Irvine?,,"International corporations are headquartered at the University of California, Irvine.",answered,False,,0.4586,0.0,0.0
572fd47fa23a5019007fca57,False,Who is eligible to toss their name in the hat to be First Minister?,Any member | Any member | Any member,Any member of Parliament.,answered,False,,0.4742,0.0,0.6667
5727cc15ff5b5019007d9578,False,"Where are the Harvard medical, Dental and school of Public Health located?",Longwood Medical and Academic Area | Longwood Medical and Academic Area | Longwood Medical and Academic Area,"The Harvard Medical School, Harvard School of Dental Medicine, and the Harvard School of Public Health are located on a 21-acre campus in the Longwood Medical and Academic Area approximately 3.3 miles southwest of downtown Boston.",answered,False,,0.1908,0.0,0.2703
5a7b070121c2de001afe9cf0,True,Where is Visa Inc. located?,,The provided documents do not contain this information.,refused,True,model_judgement,0.4005,1.0,1.0
57300200b2c2fd1400568729,False,What did Maududi believe Muslim society could not be Islamic in the absence of?,Sharia | Sharia | Sharia,Sharia.,answered,False,,0.2135,1.0,1.0
5ad4d6a75b96ef001a10a2c6,True,What happens when B cells and T cells are deactivated?,,The provided documents do not contain this information.,refused,True,model_judgement,0.5286,1.0,1.0
5ad28035d7d075001a4297a6,True,What theory least best describes gravity?,,The provided documents do not contain this information.,refused,True,model_judgement,0.387,1.0,1.0
5a0c93b9f5590b0018dab475,True,Hunting and population are the main threats facing what?,,The provided documents do not contain this information.,refused,True,retrieval_distance,0.604,1.0,1.0
5726431aec44d21400f3dd17,False,Gateways allowed private companies to do what ,private networks were often connected via gateways to the public network to reach locations not on the private network | reach locations not on the private network | reach locations not on the private network,"The provided documents do not contain this information.  However, based on the context, it can be inferred that gateways allowed private companies to connect their networks to the public network in order to reach locations not on their private network.",hedged,False,,0.4281,0.0,0.4815
5a837549e60761001a2eb73d,True,What do the vesticles on tentilla contain?,,The provided documents do not contain this information.,refused,True,model_judgement,0.5184,1.0,1.0
572ffa79a23a5019007fcbeb,False,What period did plates reverse directions to compress the Tethys floor?,Jurassic Period | Jurassic Period | Jurassic Period,The Jurassic Period.,answered,False,,0.3307,1.0,1.0
5acfedc577cf76001a68654b,True, One of FIS' agenda items was to force men to start doing what?,,The provided documents do not contain this information.,refused,True,retrieval_distance,0.6959,1.0,1.0
5ad042cf77cf76001a686f25,True,What consists of eight Combined Statistical Areas?,,The provided documents do not contain this information.,refused,True,model_judgement,0.4997,1.0,1.0
572f60f4947a6a140053c8ec,False,What is the boundary between the High and Upper Rhine? ,Central Bridge | Central Bridge | Central Bridge,The Central Bridge is the boundary between High and Upper Rhine.,answered,False,,0.3675,0.0,0.3636
5728d7c54b864d1900164f4e,False,What issue plagues the literature about civil disobedience?,semantical problems and grammatical niceties | maze of semantical problems and grammatical niceties | semantical problems and grammatical niceties | semantical problems and grammatical niceties,A maze of semantical problems and grammatical niceties.,answered,False,,0.412,1.0,1.0
56de148dcffd8e1900b4b5bd,False,When did Dyrrachium  fall to the Normans?,1082 | February 1082 | February 1082,February 1082,answered,False,,0.2514,1.0,1.0
5a2c3ca9bfd06b001a5aea86,True,What service doesn't require a fee to use?,,The provided documents do not contain this information.,refused,True,retrieval_distance,0.6384,1.0,1.0
5ad54a375b96ef001a10ac4b,True,What is the least critical resource measured in assessing the determination of a Turing machine's ability to solve any given set of problems?,,The provided documents do not contain this information.,refused,True,model_judgement,0.5247,1.0,1.0
5ad407de604f3c001a3ffebc,True,How accurate did Guo make the formed lunisolar calendar?,,"Guo Shoujing helped the Yuan reform the lunisolar calendar to provide an accuracy of 365.2425 days of the year, which was only 26 seconds off the modern Gregorian calendar's measurement.",answered,False,,0.3222,0.0,0.0
5a822bc531013a001a335281,True,How many classes outside of their concentration did the Carnegie Foundation require in 2007?,,The provided documents do not contain this information.,refused,True,retrieval_distance,0.5356,1.0,1.0
5a38d4b9a4b263001a8c194b,True,How many passengers could a Chevrolet Bel Air carry in 1970?,,The provided documents do not contain this information.,refused,True,model_judgement,0.5252,1.0,1.0
57096c95200fba1400367fbc,False,What do some encrypted broadcasts require to view?,monthly subscription | a monthly subscription | monthly subscription,Some encrypted broadcasts require a monthly subscription.,answered,False,,0.4403,0.0,0.5
5728705c2ca10214002da35b,False,What was the civil war against Ragibagh also called?,the War of the Two Capitals | War of the Two Capitals | the War of the Two Capitals,The War of the Two Capitals.,answered,False,,0.5185,1.0,1.0
57299326af94a219006aa517,False,When was it discovered that prime numbers could applied to the creation of public key cryptography algorithms?,the 1970s | 1970s | 1970s | 1970s,"The provided documents do not contain this information.  However, based on the context, we can infer that it was publicly announced in the 1970s that prime numbers could be used as the basis for the creation of public key cryptography algorithms.",hedged,False,,0.1815,0.0,0.0541
5ad2615ed7d075001a42901c,True,What was the name of the first wooden church built in New Rochelle?,,The provided documents do not contain this information.,refused,True,model_judgement,0.3064,1.0,1.0
5a38aa28a4b263001a8c1880,True,What did Israel and Syria do to avoid being targeted by the boycott?,,The provided documents do not contain this information.,refused,True,retrieval_distance,0.5704,1.0,1.0
5a55234d134fea001a0e1978,True,Extended networking benefits helped those that could not connect to what platform? ,,ARPANET.,answered,False,,0.5088,0.0,0.0
57283adcff5b5019007d9f94,False, What may have caused rainforests to grow across South America?,the extinction of the dinosaurs and the wetter climate | extinction of the dinosaurs and the wetter climate | extinction of the dinosaurs,The provided documents do not contain this information.,refused,True,model_judgement,0.4543,0.0,0.0
5733d68ed058e614000b637f,False,What was the ratio of British settler to French?,20 to 1 | 20 to 1 | 20 to 1 | 20 to 1 | 20 to 1,20 to 1,answered,False,,0.3813,1.0,1.0
5ad268cbd7d075001a429292,True,How many Huguenots lived in West Frisia in 1705?,,The provided documents do not contain this information.,refused,True,model_judgement,0.3913,1.0,1.0
5a57c667770dc0001aeefd6a,True,What happens when three types of minerals are re-deposited and change their characteristics?,,The provided documents do not contain this information.,refused,True,model_judgement,0.3368,1.0,1.0
572987e46aef051400154fa6,False,"If q=9 and a=1,2,4,5,7, or 8, how many primes would be in a progression?",infinitely many prime numbers | infinitely many | infinite | infinitely many,"According to the context, if q = 9 and a = 1, 2, 4, 5, 7, or 8, then there are infinitely many prime numbers in each of those progressions.",answered,False,,0.3333,0.0,0.2667
5ad262e2d7d075001a4290cb,True,What compounds contain oxygen?,,"Among the most important classes of organic compounds that contain oxygen are:  * alcohols (R-OH); * ethers (R-O-R); * ketones (R-CO-R); * aldehydes (R-CO-H); * carboxylic acids (R-COOH); * esters (R-COO-R); * acid anhydrides (R-CO-O-CO-R); * amides (R-C(O)-NR 2).  Additionally, many important organ",answered,False,,0.2647,0.0,0.0
5a638e4468151a001a92237b,True,What percentage of Australia's veal is comes from Victoria?,,The provided documents do not contain this information.,refused,True,model_judgement,0.3997,1.0,1.0
572a14af3f37b319004786c1,False,What are the agents detected by the immune system called?,pathogens | pathogens | pathogens | pathogens,Agents detected by the immune system are called pathogens.,answered,False,,0.3039,0.0,0.2222
5a7b093b21c2de001afe9d0c,True,What happened to the Bank of Italy Building?,,The provided documents do not contain this information.,refused,True,model_judgement,0.4909,1.0,1.0
572759665951b619008f8883,False,What was the first US state to have compulsory education?,Massachusetts | Massachusetts | Massachusetts,Massachusetts in 1852.,answered,False,,0.4116,0.0,0.5
5729eb34af94a219006aa6ca,False,Which book discussed the theory about low populations in the Amazon rainforest?,Amazonia: Man and Culture in a Counterfeit Paradise | Amazonia: Man and Culture in a Counterfeit Paradise | Amazonia: Man and Culture in a Counterfeit Paradise,Amazonia: Man and Culture in a Counterfeit Paradise,answered,False,,0.3096,1.0,1.0
57336755d058e614000b5a3c,False,What garden was formally only for royalty?,The Saxon Garden | Saxon Garden | The Saxon Garden,"The Saxon Garden, covering the area of 15.5 ha, was formally a royal garden.",answered,False,,0.4869,0.0,0.3077
5a638d2768151a001a922372,True,How many tonnes of potatoes does Victoria produce?,,The provided documents do not contain this information.,refused,True,model_judgement,0.468,1.0,1.0
5733d2dbd058e614000b633b,False,What was the significance of British win?,confirming Britain's position as the dominant colonial power in eastern North America | confirming Britain's position as the dominant colonial power in eastern North America | confirming Britain's position as the dominant colonial power in eastern North America | dominant colonial power | confirming Britain's position as the dominant colonial power in eastern North America,The provided documents do not contain this information.,refused,True,retrieval_distance,0.688,0.0,0.0
5ad27e30d7d075001a429701,True,Newton said that the acceleration of the Earth around the Moon represented what?,,The provided documents do not contain this information.,refused,True,model_judgement,0.2811,1.0,1.0
572a070c6aef0514001551ca,False,What increases rapidly as per capita income increases?,life expectancy | life expectancy | life expectancy,Life expectancy.,answered,False,,0.4749,1.0,1.0
5725f46289a1e219009ac0fb,False,Who created the nation's first aviation community?,William Smilie | William Smilie | William Smilie,William Smilie created the nation's first aviation community.,answered,False,,0.3292,0.0,0.4444
5733f5f24776f419006615c1,False,Who went to Fort Dusquesne in June 1755?,"Braddock (with George Washington as one of his aides) led about 1,500 army troops | Braddock | Braddock (with George Washington | Braddock | Braddock","Braddock (with George Washington as one of his aides) led about 1,500 army troops and provincial militia on an expedition to take Fort Duquesne.",answered,False,,0.3163,0.0,0.7568
5a7b3f0f21c2de001afe9e02,True,What percentage of households had children over the age of 18?,,The provided documents do not contain this information.,refused,True,model_judgement,0.292,1.0,1.0
5728284e3acd2414000df5cd,False,What was Joseph Haas arrested for?,"sending an email to the Lebanon, New Hampshire city councilors | sending an email | sending an email to the Lebanon, New Hampshire city councilors | sending an email | sending an email to the Lebanon","Joseph Haas was arrested for allegedly sending an email to the Lebanon, New Hampshire city councilors stating, ""Wise up or die.""",answered,False,,0.3364,0.0,0.5926
5a66978af038b7001ab0c02c,True,What did the judge have to let the jurors know about in the Chicago Eight case?,,The provided documents do not contain this information.,refused,True,model_judgement,0.5293,1.0,1.0
571135b8a58dae1900cd6d0f,False,What types of pumps are typically used in industrial boilers?,multi-stage centrifugal | multi-stage centrifugal | multi-stage centrifugal pumps,Multi-stage centrifugal pumps.,answered,False,,0.2703,1.0,1.0
5ad4fe635b96ef001a10a8ba,True,Where is the Autumn Hall located?,,The provided documents do not contain this information.,refused,True,retrieval_distance,0.7033,1.0,1.0
57097b50200fba1400368050,False,What was the target percentage of households BSkyB wanted to reach?,36% | 36% of households | 2.4m customers,The provided documents do not contain this information.,refused,True,model_judgement,0.3373,0.0,0.0
5a638d2768151a001a922371,True,How much of Victoria produced Australian peaches?,,The provided documents do not contain this information.,refused,True,model_judgement,0.4003,1.0,1.0
5ad3f03c604f3c001a3ff82d,True,"What, along with admission, exhaust, and compression, is an event in the steam cycle?",,Expansion.,answered,False,,0.3932,0.0,0.0
5ad14d8e645df0001a2d16b8,True,Who agreed to sign the Social Charter and was exempt from the legislation covering Social Charter issues?,,The UK refused to sign the Social Charter and was exempt from the legislation covering Social Charter issues unless it agreed to be bound by the legislation.,answered,False,,0.2898,0.0,0.0
5a8929e43b2508001a72a4da,True,In what year did Pierre de Fermat declare Euler's little theorem?,,"The provided documents do not contain this information.  (Fermat actually stated Fermat's Little Theorem, which was later proved by Leibniz and Euler.)",refused,True,model_judgement,0.3099,1.0,1.0
5726581fdd62a815002e823d,False,Which country's imports became the de facto mass market leaders?,Japan | Japan | Japanese | Japanese | Japanese,Japan.,answered,False,,0.4339,1.0,1.0
5ad2909bd7d075001a429aa1,True,What water runs out of the sea and out of the former marine bay?,,The provided documents do not contain this information.,refused,True,model_judgement,0.4417,1.0,1.0
572a06866aef0514001551c1,False,Health problems were lower in places with higher levels of what?,equality | equality | equality,"Equality. According to the context, health problems were lower in countries like Japan and Finland and states like Utah and New Hampshire with high levels of equality.",answered,False,,0.3799,0.0,0.0741
572684365951b619008f7541,False,When do juvenile develop into adults?,after dropping to the sea-floor | after dropping to the sea-floor | after dropping to the sea-floor,"In most species, the juveniles gradually develop the body forms of their parents. In some groups, such as the flat, bottom-dwelling platyctenids, they attain the adult form by a more radical metamorphosis after dropping to the sea-floor.",answered,False,,0.4783,0.0,0.2286
57111ab8a58dae1900cd6c40,False,What military impact did Huguenot immigration have on Frederick's army?,Huguenots furnished two new regiments | two new regiments | furnished two new regiments of his army,The Huguenots furnished two new regiments of Frederick William's army: the Altpreußische Infantry Regiments No. 13 (Regiment on foot Varenne) and 15 (Regiment on foot Wylich).,answered,False,,0.436,0.0,0.3871
5726fa525951b619008f83f8,False,What symbol was employed until early in the 20th century?,The show globe | show globe | show globe,The provided documents do not contain this information.,refused,True,retrieval_distance,0.5698,0.0,0.0
5ad03cd377cf76001a686ec4,True,Unreserved matters are subjects who are where?,,The provided documents do not contain this information.,refused,True,model_judgement,0.51,1.0,1.0
5ad3c3bc604f3c001a3fefa1,True,What plants create most combustion power?,,The provided documents do not contain this information.,refused,True,retrieval_distance,0.5536,1.0,1.0
5a2c3d73bfd06b001a5aea8d,True,What was the one linear SD channel Virgin Media carried from November 2006 to July 2009?,,The provided documents do not contain this information.,refused,True,model_judgement,0.3125,1.0,1.0
5ad3fc41604f3c001a3ffb92,True,What war occured in the 1oth century?,,The provided documents do not contain this information.,refused,True,retrieval_distance,0.6586,1.0,1.0
5ad4c6775b96ef001a10a014,True,What repels immune cells?,,The provided documents do not contain this information.,refused,True,model_judgement,0.5157,1.0,1.0
5a3e51b6378766001a002582,True,Who benefits from the research carried out by the IPCC?,,The provided documents do not contain this information.,refused,True,model_judgement,0.5146,1.0,1.0
5a66850bf038b7001ab0bf3d,True,What does connectionless-oriented transmission require?,,The provided documents do not contain this information.,refused,True,model_judgement,0.3523,1.0,1.0
5ad03b7977cf76001a686eac,True, Who did the Ottoman empire ally with in WWII?,,"The provided documents do not contain this information.  (Note: The context actually mentions an alliance in the ""early 20th century"", which is likely referring to World War I, but it does not specify a specific war, including WWII.)",hedged,False,,0.4242,0.0,0.0
5730a4d02461fd1900a9cf2b,False,Where did France focus its efforts to rebuild its empire?,"Africa | North and West Africa | North and West Africa | North and West Africa, as well as South-East Asia, with other conquests in Central and East Africa, as well as the South Pacific | North and West Africa, as well as South-East Asia,","North and West Africa, as well as South-East Asia.",answered,False,,0.353,1.0,1.0
5ad4dc755b96ef001a10a46f,True,What park is close to Vistula street?,,"The provided documents do not contain this information.  However, it does mention that Park Skaryszewski is located by the right Vistula bank.",hedged,False,,0.4111,0.0,0.0
5ad502385b96ef001a10a956,True,What is Warsaw's Riding Museum one of?,,The provided documents do not contain this information.,refused,True,model_judgement,0.3995,1.0,1.0
5726a14c708984140094cc53,False,What must the adoption of laws which will have legal effect in the EU have?,a proper legal basis | a proper legal basis | a proper legal basis,A proper legal basis.,answered,False,,0.2354,1.0,1.0
5711669550c2381900b54ae0,False,Where does heat rejection occur in the Rankine cycle?,in the condenser | in the condenser | in the condenser,In the condenser.,answered,False,,0.382,1.0,1.0
572ff07304bcaa1900d76ef7,False,Which of the tributaries in Germany contributes most? ,Moselle | Neckar | Neckar,The provided documents do not contain this information.,refused,True,model_judgement,0.4051,0.0,0.0
5ad40a41604f3c001a3fff8e,True,What type of math was not advanced during the Yuan?,,The provided documents do not contain this information.,refused,True,model_judgement,0.5119,1.0,1.0
5a7504cb97ca42001a521dc7,True,Which country was to pull back from the Sinai Peninsula?,,Israel was to pull back from the Sinai Peninsula.,answered,False,,0.4189,0.0,0.0
571155ae2419e31400955594,False,"Along with solar, coal and nuclear, what sort of plants notable use the Rankine process?",biomass | biomass | biomass,Biomass power plants.,answered,False,,0.2517,0.0,0.5
57274712708984140094dbb0,False,What region does use the term 'private schools' to refer to universities?,North America | North America | North America,The provided documents do not contain this information.,refused,True,model_judgement,0.3399,0.0,0.0
5a1c861fb4fb5d0018714655,True,When was the fire that destroyed 146 buildings in Jacksonville?,,"May 3, 1901.",answered,False,,0.2306,0.0,0.0
5ad4f1365b96ef001a10a70e,True,How many of Berlin's inhabitants spoke English in 1933?,,The provided documents do not contain this information.,refused,True,retrieval_distance,0.5881,1.0,1.0
572822233acd2414000df558,False,What position did the tax collector that arrested Thoreau get?,rose to higher political office | higher political office | higher political office | rose to higher political office | higher political office,The tax collector who arrested Thoreau rose to higher political office.,answered,False,,0.3959,0.0,0.6667
57265642f1498d1400e8dc6a,False,How many times did plague occur in Venice?,22 times between 1361 and 1528 | 22 | 22,The provided documents do not contain this information.,refused,True,model_judgement,0.3287,0.0,0.0
5ad25f35d7d075001a428f6c,True,What is carbon monoxide poisonous to that can cause gas gangrene?,,The provided documents do not contain this information.,refused,True,model_judgement,0.458,1.0,1.0
5a63888168151a001a922342,True,What religion are most of the lower class in Victoria?,,The provided documents do not contain this information.,refused,True,model_judgement,0.3326,1.0,1.0
5726a14c708984140094cc54,False,In what does the doctrine of legitimate expectations have roots?,the principles of legal certainty and good faith | the principles of legal certainty and good faith | the principles of legal certainty and good faith,The doctrine of legitimate expectations has its roots in the principles of legal certainty and good faith.,answered,False,,0.2673,0.0,0.6364
570966e0200fba1400367f52,False,What is the proprietary system that Sky+HD uses?,OpenTV | OpenTV | OpenTV,"The provided documents do not contain this information.  However, it does mention that Sky+ HD material is broadcast using MPEG-4.",hedged,False,,0.4249,0.0,0.0
5acf99b577cf76001a6853ef,True,Which University's library system has over 10 millionvolumes?,,The provided documents do not contain this information.,refused,True,model_judgement,0.3485,1.0,1.0
572fe92204bcaa1900d76e97,False,A small fraction of the cold water flow from Lake Constance goes to what other lake?,Lake Überlingen | Lake Überlingen | Lake Überlingen,Lake Überlingen.,answered,False,,0.3163,1.0,1.0
572ff626947a6a140053ce91,False,What have the two different Islamist movements been described as oscillating between?,poles | two poles | poles,Two poles.,answered,False,,0.2372,1.0,1.0
57111713a58dae1900cd6c01,False,How were Huguenot settlers assimilated into North American society at large?,married outside their immediate French communities | married outside their immediate French communities | adapted quickly and often married outside their immediate French communities,"The provided context states that the Huguenots ""adapted quickly and often married outside their immediate French communities"", which led to their assimilation.",answered,False,,0.3769,0.0,0.6667
5ad0383677cf76001a686e38,True," Besides Africa, where did Ireland have imperial interests?",,The provided documents do not contain this information.,refused,True,retrieval_distance,0.7046,1.0,1.0
5a0c99fcf5590b0018dab4a8,True,In 2010 the force absorbed 8 Gt of what,,The provided documents do not contain this information.,refused,True,retrieval_distance,0.7075,1.0,1.0
571cd5b1dd7acb1400e4c17c,False,What does  oxygen therapy promote the body to take up?,gaseous oxygen. | gaseous oxygen | gaseous oxygen | oxygen | gaseous oxygen,"The provided context states that oxygen therapy is used to treat diseases that impair the body's ability ""to take up and use gaseous oxygen."" Therefore, oxygen therapy promotes the body to take up gaseous oxygen.",answered,False,,0.2998,0.0,0.1176
57107c24a58dae1900cd69ec,False,When did France and the Dutch fight in the 17th century?,1672 | 1672 | 1672,The provided documents do not contain this information.,refused,True,retrieval_distance,0.5317,0.0,0.0
5a3e51b6378766001a002581,True,What organization is responsible for their own research?,,The provided documents do not contain this information.,refused,True,retrieval_distance,0.7436,1.0,1.0
5a25a8e9ef59cd001a623c20,True,What requires collaboration across zoning requirements?,,"The provided context does not mention ""zoning requirements"" as something that requires collaboration. However, it does state that those involved with the design and execution of infrastructure must consider ""zoning requirements"".   A more accurate answer would be to say that large-scale construction",answered,False,,0.4871,0.0,0.0
